file_name,original_twi,translated_english
P74kzqm2nno_035.wav,ɔmo bɛ twaa ɔmo bɛma yɛ cocoa nurse na yɛde adua na ɔmo ama yɛn borɔdeɛ nti ɔmo bɛyɛ lie and pergen line mpɛ no bɛyɛ 10 feet 10 feet no yɛ wie a na yɛama wo cocoa na ɔde asi borɔdeɛ no nkyɛn enti mmom deɛ manya nto because,"They will clear the land, they will give us cocoa seedlings and we will plant them, and they will give us plantains, so they will do the layout and pegging lines; the spacing will be about 10 feet by 10 feet. When we finish that, we will give you the cocoa, and you place it next to the plantains. But actually, I haven't planted it yet because..."
1u4Dmwoh04U_030.wav,ɔhyeɛfoɔ ɛyɛ cocoa a ɛno aba abɛyɛ nsɛm nna hɔ adwuma a woyɛeɛ woakyerɛkyerɛ sɛ yɛduru baabi koraa na wo de cup ne ade na ɛyɛ irrigation ɛno yɛde adikan deɛ ɔde yɛpɛ hu no sɛ woyɛ adwuma na adɔ ne ne nkeka ho ne adeɛ no na ɛte sɛn because bi da,"Regarding the cocoa, it has become a matter of discussion. The work you demonstrated, where you reached the point of using a cup and such for irrigation—that is what we first wanted to find out: how things are when you do the work and it thrives, and about the attachments and all that, because there is a reason."
GV1jUdzu2FM_030.wav,2010 the lat present tatame house yeah interview no yɛ because merebɛkaa sɛ no sika a metua ama aban no ama seventy wordt of mention adɛn na trans obi sisi me but me yɛ ghanani deɛ the number one gentleman of the land pɛ na me feel sɛ ɔbɛtumi aka masɛm ama me sɛ ɔboa me kumfaa me kɔ hmm nti me fight the customer me,"In 2010 at the house, yeah, the interview took place because I was coming to say that the money I paid to the government amounted to seventy... why did someone cheat me in the transaction? But as a Ghanaian, I feel that only the number one gentleman of the land can speak on my behalf to help me and take me forward. Hmm, so I fought the customer."
iEcjfQh1G0U_013.wav,na ɛsɛ transport officer okay na na adwuma no a na mereyɛ no na kwaadwuma no nso mede abata ho na adwuma no broni bɛkaa sɛ na ɛyɛ mede gyegye m'ani oh okay a yɛbɛfrɛ no sɛ hall bi nti nyɛ adeɛ sɛ mekɔ agreed school bi ɛkɔ suae anaasɛ merekɔsua no deɛ na ɔmo nyinaa yɛ,"And the transport officer, okay, and the work I was doing, I was also doing side hustles along with it. And the white man for the job said I was just doing it to pass time. Oh okay, what we would call a hall, so it's not like I went to a specific school to study it, or that I was studying it; they all just do it."
dwepemPuBwA_049.wav,ɛbɛ hyɛ ɔmo nkuran esiane sɛ pollination aba abɛsu ghana sin paa ama yɛ cocoa ɛrekɔso ayekoo amen agya mema ei mepawokyɛw wo din ɛne adwuma a ɔyɛ yoo yɛfrɛ me clemente yammoa meyɛ cocoa adwuma na mesan ayɛ account hɔ,"It will encourage them because pollination has spread throughout Ghana and boosted our cocoa. Well done. Amen, Father, I send greetings. Please, what is your name and the work you do? It is good. My name is Clemente Yammoa; I am a cocoa farmer, and I also have an account there."
eFrIBYoHo8Q_050.wav,dɛn one for life na adɛn na heart ɛna mofaeɛ yes ɛɛ one for life no deɛ ɛyɛ akoma because yɛhwehwɛɛ mu ara ɛyɛ me sɛ ɔpɛ mpaninfoɔ company no bɔɔl no ɛtenase ɛhefa ɛna ɛba societal leader yɛbɛtumi complain sɛ daabi akoma yɛyɛ no sɛ,"What is ""one for life"" and why the heart? And you chose yes, as for ""one for life,"" it is about the heart, because upon looking into it, it seems to me that he wants the company of elders. Where does the ball sit, and then it becomes a ""societal leader""? We can complain that no, the heart, we do it like..."
znxVf5TuXyg_020.wav,wobɛtumi anya bi atɔ sɛdeɛn ka kyerɛ wo no sɛ interview wei akɔ akɔyɛ afebɔɔ kakra esiane sɛ 24 ɛkɔ n'awieeɛ no na utv a ɛkɔ dwuma deɛ ɛyɛ interview nti wo wura 2021 season no mu na wopɛ seedni bi adua still wokɔyɛ youtube page,"You will be able to get some to buy, as I told you, that this interview has been going on for a little while because '24 is coming to an end, and since the UTV that is operating is doing an interview, you entered the 2021 season and wanted to plant some seeds, yet you are still running a YouTube page."
gjGJKVT_FlY_005.wav,tete wo tia meyɛ plan breeder na ɛberɛ biara no yɛ adwuma no deɛ yɛyɛ no sɛ yɛ ne akuafoɔ ɛne ɔmo a ɔmo de nkate a ɛyɛ ɔmo adwuma ebia ɔmo a ɔmo tɔn ne ɔmo a ɔmo de ɛyɛ nnuane ahodoɔ ɛdi nsa wɔ soɔ ɛbisa yɛ creative variation bebree na y'aseleksi,"I am a plant breeder, and whenever we do this work, we collaborate with farmers and those who work with groundnuts, perhaps those who sell them and those who use them to make various food products; it requires us to have many creative variations, and we make a selection."
IgXzpxIFx9c_075.wav,utv ahwɛfoɔ ɛnɛ aha na yɛde a yɛkɔ adwumadie no yɛsi na mmom ɛba ɛpo kɔ,"UTV viewers, this is where we bring our work to an end for today."
TQQ8_jJ3xz4_044.wav,yi na afei na mepɛ agyapadeɛ mennim me papa okay me papa na ɔwɔ asante region kɔkɔɔ okay enti owu wɔ hɔ no ɛna ɔmo sɛ adeɛ a costri mu yɛwoo me hɔ na yɛde me kɔɔ siri mu mekɔtena hɔ ara na brɛboɔ no nkɔ yie me ne me mmɔre no yɛ brɛ ɛna mesan ba asanteni afei na wanya mfeɛ sɛn because deɛ,"And now I want my inheritance. I don't know my father, okay? My father is in the Asante region, indeed. So when there was a death there, they said that in the country where I was born, they took me to the city. I went to live there and life was not going well; my family and I were struggling, and then I returned as an Asante. Now how old are you, because..."
8jU1u1_j4CA_006.wav,who are responsibility no by joining us short notice mema mo afihwa pa declare this meeting open,"To those who are responsible, thank you for joining us on short notice. I wish you a happy New Year and declare this meeting open."
W1ru6MsgbiQ_050.wav,sɛ anka ɛyɛ wasoma bɛka akyerɛ ghanafoɔ titiriw ne mmabunu no ɔyɛ adwuma ho yoo deɛ mɛka akyerɛ titiriw ɛwɔ mmabunu ho sɛ kwa adwuma na yɛmfa no sɛ tete hɔ no sɛbi yɛse yɛkɔ school no yi yɛn time no deɛ nanka woyɛ bɔne ama,"If I were to tell Ghanaians, particularly the youth, about work—what I would specifically tell the youth is that we should not treat work as trivial like in the old days. With all due respect, the way we talk about going to school now; in our time, you would be doing yourself a disservice."
RbHJKc1JFjY_012.wav,na mehunu sɛ na ɛwɔ fam na ɛwɔ fam paa enti yɛnhwɛ afei yɛmmra na twa so yɛtwa awie ɛɛ yɛ sɛdeɛ bɔhyɛ no si teɛ sɛ yɛbɛ dua bɔɔdeɛ na yɛdua cocoa ne adeɛ no yɛwieeɛ no ɛwɔ mu sɛ aban no so ɔdɔ aseɛ afa apaafoɔ adwuma wafa apaafoɔ ama ɔmo adua,"And I see that it is truly on the ground, so let us see; now let us come and harvest. We have finished harvesting, just as the promise was, that we would plant plantains, cocoa, and such things. When we finished, it is true that the government has taken up the farmers' work and has taken the farmers and given them things to plant."
BCXDMxlb4T8_019.wav,woba nso a wonya bi tɔ hwɛ wohwɛfoɔ yi afoforɔ na ɛda ha yi dada yi da hɔ na wafuo bɛyɛ 800 mmɔdenbɔ sɛbe abansoro yase ɛyɛ yɛn ara nti menfa saa akwanya nso akyerɛ me nuanom a ɛhɔ ara ama no ne no a obi wɔ hɔ,"If you also come, you can get some to buy. Look at these others that are here; this old one is there, and the farm is about 800—pardon me—under the storey building. It is our own, so let me take this opportunity to show my siblings who are right there, the one given to him, and the one where someone is."
5hhQyY-pb74_026.wav,kokoo no mu yie ɛba saa nso a ano no ɛha wo bebree ɛba saafoɔ yi afɔrtilize akwadaa na wobɛbɔ a esiane sɛ ahaban no yɛ bebree nti no wontumi nnya nsunsuansoɔ papa wɔ mu enti pruni no deɛ ɛyɛ adeɛ bi akuani biara afe biara at least yɛnhwɛ sɛ na,"Cocoa grows well, but sometimes it becomes a nuisance. When it reaches that stage, if you apply fertilizer, because the leaves are too dense, you cannot get good results from it. Therefore, pruning is something that every farmer should do at least once a year; we should ensure that..."
TOgNRwKRtpc_004.wav,nnua aboa na nsuo atumi atɔ ama yɛn atwetwe nkɔmɔ no nyinaa yɛ kuadwuma no bi yɛn ho mmra eeiii abusuafoɔ mo akwaaba ɛɛ yɛne panin no ɛbɛtwetwe nkɔmɔ agya,"The trees have helped, allowing the rain to fall, which has enabled us to have this whole conversation; let us come together to do the farm work. Oh family, welcome; we will have a chat with the elder."
VE85xkjZFA4_032.wav,ahaa mate sɛ lot more farmers hɔ nso wontu kama ni enjoy na saa site wei a ɔmo ɛyɛ specific production,"Ah, I understand that there are a lot more farmers there too who don't just come to enjoy, and this is the site where they do specific production."
RKSv6F26pc8_011.wav,this year nana yɛpɛ sɛ wei aban ɛne development part no obiara hunu sɛ wei women with abilities no bebree naa ɛboa to provide nutrition mo kɔeɛ no deɛ bɛn ne deɛbɛyɛ no deɛ bɛn na ɔmo yɛ western region nim sɛ cocoa adwuma ahodoɔ bɛn so na yɛnuanom mmaa yi ɛreyɛ a sɛbe ɛbi mo adi dɛm so ɔmo de aduane bɛsi yɛ tables yoo this year four yɛɛ golde,"This year, Nana, we want this government and the development aspect; everyone sees this. Many women with abilities are helping to provide nutrition. Regarding what you went to do and what you are doing, the Western Region knows what kind of cocoa activities these sisters of ours are undertaking. Pardon me, even some who are disabled are putting food on our tables. Yes, this year four we made gold."
JdWhGym5e-4_022.wav,mu nsuo no yɛpɛ sɛ ɛba fɔm kakra na sɛneɛ mediikan kyerɛɛ mu no ɛwɔ 25 fɛnt ɛmu ɔha mu aduonu nnum nsuo a dodoɔ a ɛwɔ mu no no yɛwɔ sɛ yɛtumi ɛde ba 18 percent a ɛyɛ 18 ɔmo 18 okay nti na kyerɛ sɛ abusuafoɔ ɔkyire mu a na kyerɛ sɛ yɛbɛtoa so ahata kakra because ɔpayɛ sɛ ɛwɔ sɛ nsuo no firi mu kakra nsuo no a ɛwɔ aburo no mu no ɛwɔ sɛ ɛba fɔm,"We want the water content inside to come down a little, and as I indicated earlier, it has 25 percent water; we need to be able to bring the amount in it to 18 percent, which is 18, just 18, okay. So it means, family, as I am showing you, it means we will continue to dry it a little more, because it needs the water to come out of it a little; the water that is in the corn needs to come down."
f05Va043T1w_030.wav,adwuma koraa ɛnyɛ den biara me dɔ koraa ɛnyɛ den ama no nti obi a wobɛtumi ayɛ adi no anyɛ den wei a medɔ no mewɔ obi a ɔmo boa me nso me mma sika kakra na ɔmo aboa me afuo no nafuo no ayɛ kama wei deɛ yɛtwetwe nkɔmmɔ yi ɛyɛ den na mmaa no bi nso wɔ ha akua adwuma no ɛde ma wo,"The work itself is not difficult at all, and my farming is not difficult for them either, so for anyone who is able to do it, it wouldn't be hard. This farming that I am doing, I have people who help me; I give them a little money and they help me with the farm, and the farm looks great. This conversation we are having is the difficult part, and there are some women here too who are doing the farming work and providing it to you."
pRSmRcKj_rA_038.wav,mo nom nsuo paa nti no ɔnni nyinaa nsuo ɛyɛ nsuo ɛyɛ nsuo nti no wobɛhunu sɛ na emofo rolling so no yɛbisa sɛ ɔmo di afra ɛbaa ne barima na yɛhu ɔmo wɔ ha yi anaasɛ ɛyɛ mmaa nkoaa mmarima nkoa yɛka sɛ broiler a ɛyɛ brilaa okay yɛnhwɛ ɔmo abɛduru ha yi but yɛ hu sɛ ayɛ sɛ wohwɛ nkokɔ nkae,"Because they drink a lot of water, everything is just water, it is water, it is water, so you will see that as they are moving along, we ask if they are mixed, female and male, and we see them here, or if it is just females or just males. We say it is a broiler, okay, let’s look at them now that they have arrived here, but we see that it is like you are looking at other chickens."
r21AetJNNyQ_041.wav,ama aburo no one ɛsa so tee ɛwɔ lines lines mu okay ɛna yɛ set plant no nso sɛ ɛbɛyɛ a ɛɛ between one plant and another no space no ɛyɛ the same ooh okay alright nti ɛboa ɛboa paa ama ne dua no mu no na yɛnhwɛ sɛ wose ɛsa so na ɔnhwɛ,"Plant the corn straight in lines, okay, and we also set the plants so that the space between one plant and another is the same, oh okay alright. So it really helps to plant it well, and let's see, since you say it is straight, let him check."
ocVtCN_UOrA_055.wav,ne story ne nyinaa so no yɛbɛ pɛ sɛ yɛbɛ take control no sɛn na yɛtumi control mprako no nipa dodoɔ sɛn na wo ne ɔmo yɛ adwuma yi wo work force ɛte sɛn because yɛhunu sɛ wonyin deɛ ayi kɔ dwumadie ebia daakye aba ha biom,"Regarding the whole story, how do we intend to take control, how are we able to control the number of pigs, and regarding you working with them, what is your workforce like? Because we see that as they grow, they are taken away for operations; perhaps they will return here in the future."
ijhKvkiiKHY_011.wav,bisa wɔ mo nea enti a ɔmo ntumi nyɛ afuo no ɛwɔ large scale like ɔmo nyɛ no kɛseɛ kɛseɛ head because obi wɔ hɔ a ɔmo yɛ no kakraa bi ɛna titiriw mmaa no nsoso no bebree no ara ntumi nyɛ like ɔmo yɛ afuo no a ɔmo yɛ no kakra nketewa monnyɛ nkɔ aries,"Ask them the reason why they cannot do farming on a large scale—like, they don't do it very big—because there are some who do it on a very small scale, and especially many of the women cannot do it either; like, the farms they make are just very small, they don't expand to larger areas."
ki-_Om1tte0_032.wav,but obi nso rehwɛ ɛbɛyɛ obi fɛ nneɛma foforɔ bɛn na 2012 yɛnhwɛ anim sɛ ministry of fishries ɛna kɔ court a mede bɛwura kuayɛ mu ɛyɛ nyame ne pɛ a 2020 yɛde nnoɔma bebree ɛtoɔ akwan mu wobɛhwɛ a other countries no ɔmo yɛ ama ɛyɛ fishes no akwannya na,"But someone else is also watching to see what new beautiful things will be done. Let's look back at 2012, when the Ministry of Fisheries went to court. If I bring this into agriculture, and if it is God’s will, in 2020 we put many things in place. If you look at other countries, they do [things] to create opportunities for the fish..."
gFTao_lZuBE_004.wav,erm medaase menua ɛyɛ me sɛ 2017 ansa na mebɛkɔ awors no na ayɛ gu so ara na ɛsɛ medinkan kaa no wɔ me nkasa yɛ hu sɛ moayɛ no ɛbi yɛ nantwie na ebi yɛ poultry nkokɔ adwan ne mponkye so ɛna fish pound nso ɛka ho nti mmoa yɛ nono ɛne no,"Erm, thank you, my brother. I think it was 2017 when I went to that workshop, and it has been going on ever since; I should have mentioned it earlier. It is clear from what I am saying that you have done it—some are cattle, some are poultry, sheep, and goats, and there are also fish ponds included, so that is what the animals are."
j8BCQYgWDOo_003.wav,nananom akuafo ee akuafoɔ yɛ da mo ase o akuafoɔ yɛda mo ase naa na akuafo ɛyɛ akuafoɔ yɛ da mo ase nyansa baako ano a akuafoɔ ghana akuafo emu ayɛ bi oo akuafoɔ emu ayɛ biara eei hwan bio,"Oh honorable farmers, farmers, we thank you. Farmers, we truly thank you. Farmers, it is good. Farmers, we thank you. With one shared wisdom, Ghana farmers, you have done something remarkable. Farmers, you have done something. Who else compares?"
IXwHdjLA4lU_030.wav,kwan a ɛbɛfa so a yɛbɛtumi atete the sizes of the greenhouse no so ama ankorankoro a ɔmo yɛ ɔmo adwuma obi wɔ hɔ a ɔyɛ lawyer obi yɛ judge obi yɛ minister obi yɛ mp obi yɛ generalist nanso n ani gyei adwuma ho a ɔpɛ sɛ nka ɔno ara tɔ so dea betumi,"The way we can scale down the greenhouse sizes for individuals who have their own professions—some are lawyers, some judges, some ministers, some MPs, some generalists—but who are interested in the work and would like to have their own that they can manage."
1VEFB3falX4_043.wav,ɛyɛ by day anaasɛ ɔmo te na wone ɔmo akyɛ ɔmo te na yɛakyɛ mokyerɛ mo sɛn yɛ kyɛmu 4:33 na ɛno ne nea wobɛtumi ɔmo ka no the one na yɛhwɛ a ɛnom ɔyɛ sei deɛ mebɛtua ɔmo kwa ɛno yɛ kyɛn sɛdeɛ wobɛtu ɔmo ka na asaase no ɛyɛ wo ara wo deɛ anaa wo hann me a me dea wɔato ne hann wonnhan,"It is by day, or they are sitting and you have been with them for a long time; they are sitting and we have stayed, how should I show you? Verse 4:33, and that is what you can tell them. The one we are looking at, if it is like this, I will just address them; that is more than how you will evict them, and the land is yours alone, or your light; as for me, mine has been placed, its light does not shine."
3-Go4Hxta3U_043.wav,ɛbɛsan ama awia,It will turn to day again
YdCo4q9PiSQ_037.wav,bɛn bere bɛn kwan bɛn ɛna yɛfa so ko saa adeɛ na me mangofoɔ na mayɛ no mensuro nkɔ nkɔtwa ngu na mmom mɛtumi atoa so ayɛ okay medaase ɛnti first one no a yɛbɛ tackle no yɛ ɛɛm insects no ɛyɛ store no na ɛyɛ very important ɛnti first refu no time no yɛ sɛ,"What time and what method do we use to go about that thing, and regarding my mangoes that I have done, I am not afraid to go and cut them down, but rather I can continue to do it, okay thank you. So the first one we will tackle is, um, insects in the store, it is very important, so the first review time is that..."
gxHeg-qyCCw_018.wav,monyɛ sɛn wohwɛ a wokeka bom a sɛn na monya fie na obi wɔ hɔ no ɔmo te nkran asaase yi so no aburokkeka w'ani abetɔ sɛn na first akwan no deɛ nanso afuo no nso sei me yɛ nyaa bɛyɛ 20 ɛwɔ one place pɛ mhm difference nti mhmm 21 no anaa sɛ 50 kilos de akɛseɛ no ma five,"How do you do it when you look at it and put it together? How do you get it at home when someone is there living on this Accra land? How did you come across it? Regarding the first method, but the farm as well, like this, I got about 20 in just one place—mhm, because of the difference, mhm—21 or 50 kilos, for the big ones, give five."
cj7n0eMqo7E_003.wav,region de bɛn na ɛwɔ wo tirim wokɔ w'anim da bɛn biom na wopɛ me me din na mo ima ha na woyɛ nyiniel government ayi me tɔ me kaa woamber na wa,"Which region is on your mind? When are you moving forward again, and why do you want my name? And you meet here and you are doing ""denial government"" to remove me, buy me a car, member, and come."
J7jKwBhkmeI_061.wav,but wonya abotare a wotumi yɛ ma no yie me ne wo yere no koraa koraa no hwɛ camera mu no aka biribi kyerɛ utv ahwɛfoɔ na dodoɔ no na titire ne ghana a mɛbu no adwuma ɛnyɛ adwuma bɔne de bɛn na ɛbɛba wiase kama yɛn adu,"But if you have the patience to do it well for him, me and your wife, just look into the camera and say something to the UTV viewers and the masses, especially Ghana, that I consider it a job, it is not a bad job; what is going to come into this world that we will arrive at?"
_dnDTf2tSi4_011.wav,boa ma ɔman no nyinaa atu mpɔn nti no meyɛɛ m'adwene de ɔpɛ yɛ sɛ ɛneɛ mɛba nti no anuanom na ɛnyɛ easy me first time wɔ kuro wei mu no na ɛyɛ den kakra because na asetena mu ne ade ade nti first time a mebɛduruu kuro no mu na mese ɛnneɛ mɛtumi me lie onnipa,"Because of the desire to help the whole community progress, I made up my mind that I would come here. So, brothers and sisters, it was not easy. My first time in this town was a bit difficult because of life and how things are, so the first time I arrived in the town, I said, ""Well, I can rely on people."""
9qMpFgudEv0_050.wav,ɛne ɔmo a ɔmo boa ɛyɛ kua adwuma nyinaa ama ɔmo aba ama yɛabɛkyerɛkyerɛ ɔmo enti deɛ ɛdi kan a ɛno nti yɛayɛ saa modern farm wei ɛyɛ demonstration yi yɛreyɛ ama ɛyɛ akuafoɔ aba five ɛyɛ varieties akuafoɔ aba na ɔmo abɛ yi deɛ ɛbɛtumi aboa wo paa ebi wɔ hɔ nom a 85 days abɔnten,"And those who support all agricultural work have come for us to teach them, so the first reason why we have created this modern farm as a demonstration is for farmers. We have five varieties of seeds for them to come and choose the one that will best help you; some are ready in 85 days."
Lg2ToRLRqvM_053.wav,ne nkɔsuaa yɛredi ani nyinaa no time biara no ɛsɛ sɛ yɛma ɔman no ɛnam a ahoɔden wɔ mu kosuaa ahoɔden mu ebia na obi te baabi na ɔnka nsoso no ho ɛna ɔnoa nso so ɔhyɛ hɔ ɛna ɔreyɛ deɛ ɔpɛ ɛba no saa na ɛyɛ effective na anka obiara,"With all the progress we are making everywhere, at all times, we must propel the nation forward with strength. Perhaps someone is sitting somewhere, not involved in this progress, just staying there doing as they please—it would be effective if everyone [participated]."
q-jX8IWCdds_010.wav,fertilizer yɛde ma akuafoɔ no de bɛsii computerfoɔ no so ɛna wɔn akyɛeɛ enti okuani biara bɛdi adanseɛ sɛ fɛ laza ne nsa kaaeɛ no ɔde agu no afuo no yɛtɔ so mmienu yɛkɔfaa fidii a ɛde twa mfuo mu na wɔboroni slashers yɛde brɛ corporate so no ɔno de atwamfoɔ no mu ama ayɛ kamakama ɛba no saa a yareɛ so te ɛyɛ anonom no so te ɛne yadewa ya,"The fertilizer we provide to farmers was managed through a computerized system and distributed so that every farmer can testify that they received the fertilizer and applied it to their farms. Secondly, we acquired farm cutting machines and slashers and brought them to the corporate level. Using these cutters keeps the farm clean, and when that is done, diseases decrease, pests decrease, and crop issues reduce."
5hhQyY-pb74_007.wav,yɛntwa yɛho mmra yɛba a yɛde nka w'atwetwe no ɛbɛhyehyɛ so ayekoo yareɛ abusua mo akwaaba sɛdeɛ mesi bɔ wo amaneɛ no ma me mma yi kuani no ɛ na afei yɛngye nkɔmɔ twetwe tie bi na mfatoho deɛ ɛboa nipa abrabɔ paa nti anka me ho na yɛne twe nkɔmɔ a,"Let's be disciplined when we come and bring up what you are chatting about, it will be organized. Well done, sickness, family, welcome. As I am giving you this report to provide guidance to my children, let us now have a conversation and listen, for parables really help human life, which is why I would have liked to be the one you are chatting with."
IDH59Jo4Rv0_056.wav,no na mmoa bi yɛfrɛ ɔmo nkakapɛ saa na yɛfrɛ ɔmo twi mu okay ɔmo ba abɛ ba borɔdeɛ no ase enti borɔdeɛ no si hɔ a wobɛhunu sɛ ewu enti ɛwɔ sɛ wopɛ sɛ saa mmoa no ɛkyɛ ansa na ɔmo aba sɛ yɛdane sebɔ a ɔmo bɛba but no si asaase no so kyɛ a ɔmo bɛba aseɛ but wopɛ sɛ ɛkyɛ ansa no ɔmo aba bɛha borɔdeɛ no deɛ a gye sɛ wotete aseɛ nwura no nyinaa firi ɔmo aboɔ no ntumi nte,"That is where there are some pests we call nkakapɛ; that is what we call them in Twi, okay. They come and gather at the base of the plantain, so when the plantain is there, you will see that it is dying. So, if you want to keep those pests away for a while before they come—if you turn the soil, they will come, but if the plantain sits on the ground for too long, they will come underneath. However, if you want to delay them from coming to bother the plantain, you must clear all the weeds from the base so that they cannot stay there."
rEiojufZ0Kw_064.wav,akuafoɔ y,Farmers are
SvjOwZT2HX0_062.wav,district bamboi baba tour na yɛbɛtwetwe nkɔmɔ ɛha na yɛde mosi nyame yɛ adom me da foforɔ nkɔtwetwe bi a ɛwɔ adwumakuo adwuma tu mpo na ɛkɔ dwumadie yɛde bɛbrɛ mo y'akra mo nananom akuafoɔ hwan biology,"We are here for the Bamboi District Baba Tour to have a discussion, and by the grace of God, on another day we will have another discussion regarding the work of the organization, and we will bring the program to you. We greet you, our elders and farmers."
ThnBEOZy9Cg_040.wav,sɛn ɛna wo to ɔmofo no atumi ayɛ yie wei deɛ y'anya wo wɔ fie nti nigeriafoɔ monnyɛ no biom kwan bɛn na wofaso etu afu na yɛn nso yɛ fie ha sei nkran rush awakyerɛ sɛ obiara bɔ wo ho mmɔden kwan bɛn na wonfa so aboa yi ɛkwan a mɛfa sole of africa,"How did you get those people and it worked out well? Since we have you here, Nigerians, don't do it again. What way did you use to get out? And we are also here at home, in the Accra rush, which means everyone is working hard. What way do you use to help? The way I will take, Sole of Africa."
_F3uEgqMyP0_007.wav,so ɛberɛ yi ɛyɛ berɛ a ɛɛ nnoɔma ɛnkɔ yie nanso sɛdeɛ meka no daa ɛwɔ adeɛ a ɛhyɛ me yi ho no kyerɛ sɛ nnoɔma nyɛ nanso ɛyɛ dɛn a yɛbɛdidi nti youtube a ɛkɔ adwumadie no ministry of agriculture,"So these are tough times, but as I always say, there is something that keeps me going, showing that even though things are not going well, we still have to eat, so [I am watching] the YouTube [content] regarding the Ministry of Agriculture's work."
d9O1iEgvn8Y_049.wav,okay great ma memmisa wei ɛɛ yɛreka yɛka adebɔneyɛfoɔ ba mu no yɛmfa no sɛ koko brd ɛyɛ cocoa health development,"Okay great, let me ask this: as we are talking about the wrongdoers, should we consider it the Cocoa Board's Cocoa Health Development?"
OUjJti89dFw_045.wav,cooperative no nti kɔpetifo no ɛmu nkyerɛkyerɛ ɛna ɛkɔ political no ara nso yɛn nso yɛboaboa yɛn ho yɛ kɔ yi ha na yakɔboa no ɛkɔ yi ha na y'akɔboa no nhyehyɛ yɛwura mu yɛ kɔ wo a wodin yaa na yakasa ho akyerɛ wo na yakyerɛ wo kwan a wobɛfa so a wobɛyɛ cocoa no nso yɛmmra mo nsaase no so kakra agyafoɔ yɛbɛdi nkɔmmɔ bio na biribi aba abɛfra mu ɛɛ yɛhunu sɛ forest da mo asaase yi ano,"Because of the cooperative, the teachings of the cooperative members are ongoing, and the political aspect as well. We also organize ourselves; we go here to help, and we go there to help organize your farm. We come to you and we talk to you about it, and we show you the method to use to farm cocoa. Also, let us come onto your land for a bit, elders; we will converse again, as something has come up, and we see that the forest is on your land."
KgMSJqes06I_075.wav,sɛ ɛnyɛ nokware kwa na mmom ɛwɔ nnoɔma bi nti na area biara ne adeɛ a wo duru a ɛkɔ yie no infact wo hwɛ aman mu ha na yɛwɔ baabi a ɛyɛ a predominantly no yɛ dua number yɛ bi ɛnyɛ bachance okay usually ɛhɔ asaase no sɛdeɛ asaase no si teɛ ɛɛm asaase no sɛ ɛyɛ ɛyɛ plane ɛda hɔ level anaasɛ mopɛ wɔ mu ɛne,"It is not just for the sake of it, but rather it is because of certain factors that every area has things that thrive there. In fact, if you look at the towns here, we have places where we predominantly plant certain things, and it is not by chance, okay. Usually, it is the land—how the land is situated—whether the land is flat, lies level, or how you want it..."
xVKBfzCMqz4_020.wav,detwa aduro yɛde fa aduro adi gu afuo soɔ anaa afei w'aburo yi wo susu a sɛn na ɛbɛkɔ n'akwan bɛn koraa nso na wowie a wotɔn no wode sie anaasɛ wobu yɛ a na ɔretutu akɔtɔn aburo eka bɛyɛ ɛnan wode w'ani so a wobɛnya bɛɛma wayɛ sei amanfoɔ bɛwe bi,"We use herbicide to spray the farm, or now if you are wondering how your maize will grow, what are the ways, and when you finish, whether you sell it, store it, or process it—and he is harvesting to go and sell, the price of maize is about four. If you pay attention to it, you will get some; it has turned out like this, people will eat some."
k3ZnZEJuxlg_034.wav,bɛtena so a ɛtumi hunu sɛ no na ɛno deɛ wakyerɛ mu but memmisa no sɛ sɛ meyi wie na ebia oh mayɛ busy megya bi sei ano ha for baabi a three four hours nti yɛkɔ duru ha kyerɛ sɛ ɔmo ayɛ ready wɔ hɔ a ɔmo bɛ start,"If you keep at it, you can see that you have explained that, but I didn't ask him if, after I finish, maybe I get busy, and I leave this here because for a place that is three or four hours away, when we arrive, it means they are ready to start."
AQP6N9NptbY_006.wav,da mo ase o akuafoɔ yɛda mo ase abusuafoɔ da hwan wɔ asante akyem agogodwa so ɛna yɛwɔ yi na yɛne agriga director yɛnhwɛ sɛ sɛ yɛde kɔ amanɔne ɛno firi agogo ha no ɛho nsɛm ne adeɛ sɛ figures no koraa te sɛn na yoo medawoase,"Thank you, farmers. We thank you, family. Who is at Asante Akyem Agogo? We are here with the Agric Director checking to see if we are to export this; it starts from here in Agogo—the matters regarding it, and things like what the figures actually are. Okay, thank you."
DY4LhXHNJb8_045.wav,adwuma no ayekoo yadwuma no sɛ wayɛ na watumi de bi akɔ ɔman foforɔ so na ɔman no dan wo ɛno ne sɛ the ss no ghana coco ɛna ɛno deɛ yɛ dua a yɛdi bi wɔ,"Well done on the work you have done, and for being able to take some to another country, and the nation has turned to you; this means that for Ghana cocoa, if we plant it, we benefit from it."
pPysIPciOfc_006.wav,na wofa boa a nti wo nnɔbaeɛ no fa ebi wo gu so aburo ɛntoose beans ne ne nkeka ho ɛbɛboa wo sanso ɛna wotwe cocoa no aba fie a adwumakuo a yɛfrɛ ɔmo strong sɛ aboboyaa no ara pɛ bi ɛno na ɛbɛtwe de aba fie de ama wo na nnoɔma akɔ yie adwuma,"And if you accept the support, take some of your produce—maize, tomatoes, beans, and the like—and store them; this will also help you. Then, when you bring the cocoa home, the group we call 'strong'—like the aboboyaa—is what will haul it home for you so that the work goes well."
w2oP_8puRrw_020.wav,adwuma mu paa frɛ yɛ a mo baeɛ yi mo ne akuafoɔ no na anka w'atwetwe ne te sɛn yoo anim medaase yɛne akuafoɔ no na nkɔmɔ twetwe no ɛsɔ ma nipa y'akyerɛkyerɛ ɔmo sɛdeɛ yɛ use nnuro ɛne sɛ deɛ yɛ use fatliza ɛne machines ne biribiara mprempren which is organic fa,"Regarding the work, when you came and had a discussion with the farmers, how did it go? Okay, thank you. The discussion we had with the farmers is good for the people. We taught them how to use chemicals, and how to use fertilizer and machines, and everything currently, which includes the organic approach."
oLVHi9iaQ-E_061.wav,ɔmo ate awie baabi abɛyɛ baabiara ɔmo siesie no akɔ akɔtɔn yɛne deɛ ɔda ɔmo ano ɛtwetwe nkɔmɔ na yɛnhwɛ sɛ ghana yɛrekɔ y'anim ɛwɔ kwan a ɛtɔn yɛ nneɛma ho anaa madam mepa wo kyɛw wo din no sɛn mepa wo kyɛw yɛfrɛ me saa akwadaa ten auntie sarah sɛ yɛte aduaba no anaa no baeɛ no bɛduru ha a ɛbaa mo adwuma no sɛ ɛnfa yɛ frɛ ɔmo kakra deɛ ɛteɛ ne sɛ sɛ yɛnya anɔpa yɛ no de firi afuom hɔ ɛde bɛduru a yɛwɔ biribi a yɛfrɛ no sɛ,"They have finished harvesting somewhere, whatever the case may be; they prepare it and go to sell it. We are chatting with those they deal with, and seeing if Ghana is moving forward in the way we sell things, right? Madam, excuse me, what is your name? Please, we call this child Auntie Sarah. When we harvest the produce, or when it arrives here—regarding your work, let’s call them over for a bit. The truth is, if we get it in the morning, we take it from the farm, and when it arrives, we have something we call..."
Quqbca1E6FU_023.wav,wɔ ha yi wei deɛ ɔfiri ghana ha yi a akyekyedeɛ wei nyɛ ghana deɛ ɛyɛ west africa giant tortis a ɔfiri malisa ba ɔyɛɛ dɛn na dɛn na wo nsa aka ahyehyɛdeɛ sei yɛwɔ ɛɛ mmoa bi wɔ hɔ a wotumi fa na wode afiri kuro foforɔ so na woba a yɛwɔ mmara ɛwɔ ho a wobɛtumi de aba yɛ man mu nti wofa saa kwan no so,"As for this one, this tortoise is not from Ghana. It is a West African giant tortoise that comes from Mali. How did you get hold of this organization? There are some animals there that you can take and bring from other countries when you come; we have laws in place that allow you to bring them into our country, so you follow that procedure."
CxdwVyzSQqY_021.wav,obiaa biribi nti ama abaayesfoɔ no aba dodoɔ sɛ obiara pɛ bi akɔ india ne rebert sɛ yɛn ghanafoɔ no yɛyɛ ntɔ nti yɛntɔ yi deɛ a ɔmo nso na woba ɔmo de sika ba yi na ghana goverment price service,"Everyone has a reason that has made the people doing this become too many, to the point that everyone wants to go to India, and it is reported that we Ghanaians are buying; so as for this buying we are doing, they also come and bring money here, and the Ghana government price service..."
gNbNpWvneL4_049.wav,nipa baako ɛkɔfa problem ba a deɛ ɛbɛka ne sɛ hatresi nyinaa ɛnyɛ nanso na ebia ɛnte saa enti deɛ yɛ deɛ yɛ produce kosua no yɛ de no deɛ vaccine ne nnoɔma a wode gu ne mu no wode bɔ ne maame ne ho ban na yɛn nyinaa yɛde ama antibodies bi gu kosua no mu,"If someone brings up a problem, what they will say is that it is not entirely out of hatred, but perhaps that is not the case. So, regarding the egg we produce, we take it, and with the vaccine and the substances you put inside it, you use it to protect the mother, and we all use it to put some antibodies into the egg."
ks5P7CALGh0_031.wav,bi na yie na y'ahwɛso sɛ ministry no nso nhyehyɛɛ bi a ɔde baabiara no so no ɛsɛ ɛda nokware no ah na ne kwan mu a sɛbe mu bi deɛ sɛ wonim sɛ ɛnyɛ adeɛ a yɛbɛte aseɛ because yɛda nnipa no ɛna nipa nso na yɛrekasa ma ɔmo ɛna nipa na ɛyɛ kasa ma ɔmo no nso so wɔ expe,"It is good that we observe that the ministry’s plans, which they are implementing everywhere, need to show the truth, and in that process, if you know that it is not something we will understand—because we are dealing with people, and we are speaking for people, and the people who are speaking for them also have experience..."
gFTao_lZuBE_058.wav,kakra a ɛwɔ mu ne sɛ me deɛ mede me nsa ato mu awie na mehwɛ na manya afiri mu nso so a sɛbe ɛnyɛ nipa nyinaa na ɛnyɛ no saa nti mentena ha ɛnyɛ nyame bɔne ayɛ na menyi ghana nso so ɛbone ayɛ na ɛsan sɛ mayɛ adwuma no ahodoɔ bebree enti sɛ baabi ɛrekɔ fam a deɛ ɛbɛyɛ ne sɛ baabi a ɛhɔ ɛrekɔ soro no na mede hɔ no aba abɛ boa baabi a ɛhɔ ɛkɔ fam no,"The bottom line is that I am already involved in this, and I am looking for a way out, but pardon me, not everyone is like that. So, I am not staying here; I have not committed any sin, nor have I done anything wrong to Ghana. Furthermore, I have done many different types of work, so if one area is struggling, what I will do is take from the area that is succeeding and come and help the one that is struggling."
UFUYtaFLimQ_042.wav,yɛsrɛ mo okey na ma no bɔ akɔ soro ɔmmeeɛ yɛnni baanu nyinaa yɛngyina ntɛm nyame gyina hɔ ntɛm na yebesi a yɛbɛyɛ me sɛ sesei de kyerɛ sɛ wɔka a na matete wei mpo me ho hwee nanso,"Please, okay, and let it go up. It’s too much. The two of us are here, let’s not stand here long. God is there immediately, and when we arrive, what will we do? For me, right now, it shows that even when they speak, I don’t understand any of it, however..."
jDR8l1jSoiI_064.wav,oh nyame adom ɛyɛ ara because wohwɛ a ɛnam the quality of x a produce wɔ ha nti no yɛnni complete atɔfoɔ mmere pii no mmaa no koraa moba a na ɔmo because wɔn nyankopɔn anaa sɛ like ɔmo star thousands no ɔmo nya no saa nka ɔmo pɛ but,"Oh, by God's grace it is well, because if you look at the quality of the x produced here, we don't have complete buyers most of the time; even the women, when they come, because their gods or, like, they are 'stars' in the thousands, they get it just like that, otherwise they would like it, but..."
OUjJti89dFw_001.wav,cocoa no a afei yɛrekɔ no afei na yɛbɛdi cocoa no mu dɛ nti mesrɛ kwani biara sɛ ɔmo ho mmɔden sɛ wo kɔ kɔ aka nwuram koraa seesei hu seesei mu no sɛnea ɛtete no wɔ mfiri no so no sɛ onyamena adom koraa afei yɛbɛkɔ yɛn anim enti,"The cocoa we are going to deal with now is what we will finally enjoy the fruits of, so I urge everyone to do their best. If you go to the farm right now to see how things are on the machine, by God's grace we will move forward now, so..."
U49vb7IvOj4_001.wav,aane akuafoɔ ɛyɛ da mo ase oh akua yɛ da mo ase nananom akuafo akuafoɔ yɛda mo ase ei yɛ nsa bɛkɔ yɛ,"Yes, farmers, thank you. Oh farmers, thank you. Elders, farmers, farmers, we thank you. We will carry on."
0mBn_66y9qc_027.wav,sɛ wobɛtɔn aba anaa sisi aka ho a wo saa hia tu me krataa ɛfiri bprs hɔ enti nneɛma na wɔtɔn no ansa nipa no bɛtumi adi saa adwuma no nkrataa mmiensa na ɔhia a bra no bra no yɛ nyinaa me a mekɔ field but me me nsa question wei nso kwa,"If you are going to sell nuts or related products, you need a permit from BPRS; therefore, regarding the goods that are sold, before a person can engage in that business, three documents are required, but as for the part about going to the field, I have this question as well."
cOW837CrnYU_065.wav,mereka 22 24 cocoa sindicated low no ɛbɛduru cocobod kofɛsɛ 27 december a na yɛbue season september enti september october november basically december na sika nni ɔmo de tɔ cocoa enti aka nana stand but ɔnifoɔ 25 y.b,"I am talking about the 22-24 cocoa syndicated loan that reached Cocobod on December 27th, and the season opens in September, so in September, October, November, and basically December, there was no money; they use it to buy cocoa so it came to a standstill, but the person 25, we will..."
K4feVFrBDq0_025.wav,stains no ɛkabom ɛhyɛɛ bi soils a ɛwɔ saa area hɔ ne but yɛnteaseɛ about the liza no ɛwɔ fam every year biara yɛyɛ demonstrations across the country we tell farmers sɛ felises ɛnyɛ adeɛ a yɛba but ɛwɔ sɛ yɛtumi nya the ride fertilizer na yɛtumi ma nnɔ,"The stains aggregated and affected some soils in that area, but we do not understand the fertilizer on the ground. Every year, we conduct demonstrations across the country. We tell farmers that fertilizer is not just something we bring; rather, it is necessary that we are able to obtain the right fertilizer so we can provide it to the crops."
JkrzuPdcnpk_025.wav,ahwɛfoɔ a sɛn na woretumi aka sɛ baabi a yɛgyina ha sei sei a no ɛnyɛ amanfoɔ nyinaa ni ei ebi wɔ anim hɔ ɛyɛ me sɛ moafa hɔ but yɛ nyame wie hɔ no deɛ no nti ɛha na yɛahyɛ aseɛ a yɛretim nti na wo no ɛhɔ no nso bɛyɛ,"Viewers, how can you say that where we are standing right now is not for everyone? Hey, some are ahead there; it seems to me that you have passed through there, but we have finished that with God. That is why we started here and are staying here, so where you are will also be fine."
Ico6GawnSTo_038.wav,na ɔmo yie na sɛ nwura no dɔɔso a ɛyi bebree bɛsene asɛe mmoa tumi bobɔ mu ntɔkwa ɛwom ɛbɛtu agu enti wo,"They are fine, but if the weeds are too dense, it brings out a lot that will destroy the animals' capability and ignite conflict; it is true that it will be cleared, so you"
-wh2zszibUc_044.wav,no ɛnyɛ obiaa na ɛde maa wɔn na ɛde saa sika no kɔtoo adb sɛdeɛ ɛbɛyɛ a ɛmu dwuma nkoaa na yɛde yɛ enti no ɛbɛka emufoɔ no nyinaa me ne wo wie w'anom asɛm bɛtwa toa de ma ghana akuafo tituo no ma mo dua mu now ɛsɛ sɛ ɛmo yɛ potential paa na deɛ ɛbɛboa no ne sɛ yɛnni deɛ yɛdua wɔ ha na ɛbɛboa na abaa no nso ɛyɛ ne fa ɔbaa atampa programme baeɛ yi so aban,"It is not everyone who gave it to them and used that money for the work, so that we use it solely for the intended work; therefore, it will involve all of them. Me and you, once you finish what you have to say, give it to the Ghanaian farmers, especially for your farming now. You need to show great potential, and what will help is that we do not have what to plant here that will help, and that is also part of the government program that was introduced."
3uBNR8R2_Dw_019.wav,mhm ɛna me deɛ ɛgu mu okay na mede efi nkyerɛkyerɛ okey abusuafoɔ kwan no ara na ɔgu so no na ɛkyerɛ sɛ aburo no ebia watutu deɛ ɛnnɛ watutu bi a ɛnora anaasɛ ne nyinaa ɔmo atutu no aburoo dua ɛfuo no ɛso bɔtɔ a ɛwom peinspectors no nyinaa ɛwɔ sɛ ɛ,"Mhm, and as for me, it is going on, okay. And I am starting from the explanations, okay. It is continuing in the same way the family does, and it means that the corn, perhaps they have harvested some today, harvested some yesterday, or maybe they have harvested all of it. The corn farm, the sack that is in it, all the inspectors have to..."
BCXDMxlb4T8_021.wav,ɔbɛtu na obi nso wo dua na bi rebɔ spray na ebi nsoso ɛdɔ aburoo no na ebi dua enti sɛ saa dwuma wei wotumi yɛ ne nyinaa ayɛ no yie a ghana head paa akua adwuma koraa ayɛ dɛ efisɛ first na yɛ maame no yɛ papa ɔmo de sekan nkoaa na ɛdɔ nti adwuma yɛnnim sɛ,"Some will harvest while others are planting, some are spraying, some are weeding the corn, and others are planting. So, if all this work can be done well, agriculture in Ghana will be very enjoyable, because in the past our mothers worked hard, using only cutlasses to hoe, so the work [was very tough]."
v-xgiQM0EBI_051.wav,spirit no ɛgu mu ɛneɛ aduro biara a wode spray biara no but asɛ ɛyɛ ghana ha no nso yɛwɔ aduro a aban akyerɛkyerɛ sɛ yɛmfa ɛnyɛ ɛyi kyerɛsɛ slaa aduro nyinaa akɔ tafo ama wɔn attest ama ɔmo ahunu sɛ ɛyɛ good nti sɛ wobɛtɔ aduro a ɔde bɛham nti wei firi ha nom no na ɛre,"It contains spirit, so with any medicine that you spray—but since it is here in Ghana, we also have medicines that the government has given directives on; this means all the medicines have been sent to the authorities to attest and see that they are good, so if you are going to buy a medicine to use, since this one is from here..."
GtpF2LNbqog_048.wav,agye ato mu afiri ghana nti ɔmo a ɔmo redi dwa kɔ abɔnten no ɔmo mmra na yɛnyɛ nhyehyɛ ghana yɛgye wodi a ɛbɛyɛ yie o mo mmiensa mu na ɛnyɛ mahunu potential,"Since it has been agreed upon in Ghana, those who are doing business abroad should come so that we can make arrangements in Ghana. If we trust you, it will work out; it is among the three of you that I see potential."
XV2z3tFEcSs_029.wav,antkaa yɛn kɔkɔyɛ ne adeɛ no ɛbɛko n'anim ntɛm so na anka adeɛ yɛka wɔ ghana no ɔno yɛ bi na ɔne amfɛmfoɔ yɛ bi na ebi yɛn na ɔkɔgye bɛkum na ɛma yɛnam awie no sika saa n'adwumadie no na ɛhyehyɛ no toa so a anka ɛbɛkɔ n'anim saa nso ɛna nkosua bɛka bere bi yɛne no nkɔmɔ twetwee mu no kwan a yɛbɛfa so a nkosua koraa no ghana yɛdi kosua paa,"If we hadn't cautioned about that, it would have moved forward quickly. As for the things we talk about in Ghana, he does some, his friends do some, and some are ours; but he went and ruined it, which makes us struggle with the money for that business. If it had been organized to continue, it would have progressed. Then eggs came up; at one point when we were chatting about the way forward, even with eggs, in Ghana we really do eat a lot of eggs."
BVAVimTXTUY_008.wav,fine nea ɛnyɛ ara ne sɛ baabia nsuo tae deɛ ɛno deɛ wode yɛ pɛ ɛbɛporɔ okay yɛnhwɛ na afei fa yɛtoa so sɛ yɛdi buronya wie a na yɛse january mu na kyerɛ sɛ afe no akɔ awie fi saa berɛ no ara ɛkɔ afe no awie berɛ bɛn na ɛwɔ brɛ aseɛ okay na saa time no ɛbɛdu,"Fine, the only thing is that places where water often collects, if you use it there, it will rot. Okay, let's see, and let's continue. If we finish celebrating Christmas and then say it's in January, it means the year has ended. From that very time, it goes to the end of the year; when does it come down? Okay, and that time will arrive."
OgNHclJZuRw_017.wav,ha yi no na ɛbɛn ne ti no nti wode wo wɔ ha sei na aduro no firi ha nom a na ɛyɛ adwuma aba ne ti no mu sɛ nnɛ wobɛnya atenka no ahaa wode wo ha yi na ɛbɛkyɛ wode wo hɔ na ɛdi 829 hours ansa,"This place is near the head, so if you place it here like this and the medicine comes from there, then it works and enters the head. If you are to get the sensation today, if you place it here it will take a long time; if you place it there, it takes 829 hours before it does."
EeJdFQz5rSM_037.wav,okay ɛnoara bɔ life ɛno ara bɛbɔ line na two tokura ama wo na wode buro no agugu mu okay na wei nso dwuma bɛn na ɛdi wei nso yɛ tractor ɛno nso yɛ the same principle okay ɛno wei no wodi hyɛ tractor no rekyia anaa track no ɛtwi kyerɛ sɛ wei di dw,"Okay, that same thing applies to life, the same thing will apply to the line, and you hold it and use it to pour the corn inside. Okay, and what function does this one perform? This is also a tractor, it also uses the same principle. Okay, this one you attach to the back of the tractor or the track, it pulls, meaning this one does"
YVI9cEERMgo_050.wav,ɛwɔ kwan a akuani no bɛfa so wɔ ne extension office a ɛwɔ hɔ no bɛdi nkitaho akuafoɔ no bebree wɔ hɔ a extension officers no deɛ problem ɛwɔ sɛ ɔmo como problem ɛna coco polls no wokɔ,"There is a way the farmer will use the extension office there to interact with many of the farmers, but the problem with the extension officers is that they have a problem with the cocoa farms they visit."
BCXDMxlb4T8_046.wav,yɛbɛn na ɛwɔ ha nti a ghana asaase so yɛwɔ srɛ mu abaa bɛka nkran dabɛn na ɛwɔ agogo a ɛyɛ soronko a ɛma nantwi yɛn no ɛbɛgye ntena ha wɔ ha ɛdeteɛ ne sɛ deɛ follow,"What is close to here, so on Ghana's land we are in the bush, a stick that reaches Accra, when is it in Agogo, which is unique that makes cattle, it will take a seat here, the meaning is that which follows"
1u4Dmwoh04U_023.wav,ɛwo mu ara na bi memfa no sɛ abofra na na yɛdua kakra kakra ɛka ho ogya bɛtɔ asaase no adɛn na ɛwɔ so nsan sɛ deɛ nti na me bisa wo saa no sɛ ghana yɛn nsa ase na sɛ agya ewiem bɔbrɛ a ɛsesa nti no bi bɛyɛ kuadwuma a tesɛ deɛ irrigation a akyire yɛbɛdi ho nkɔmmɔ yi na ɛno akɔ akɔ ba mu asaase na n'abakwasɛm te sɛn kakra wo ara na,"While some might view it as childish—the way we plant little by little and use fire to clear the land—why is it done that way? The reason I am asking you this is that here in Ghana, due to the changing climate, some people are engaging in farming, such as irrigation, which we will discuss later. Has that actually been implemented on the land, and what is its history? Just tell me a little bit about it."
ihje1g6Pc_A_077.wav,wei deɛ na yɛfaa yɛkɔ adwumadie so na yɛahyɛ of agric ɛna environmental protection agency yi epa sɛ mommra mu esiane sɛ sɛ wosɔre na woanya biribiara nni a abrabɔ bɛyɛ den ama wo na sɛ obi bɛtu anwea na ɛkɔm bɛde ghana ma deɛ ɛmuɔ,"As we were going to work, we noticed the Ministry of Agriculture and the Environmental Protection Agency calling on people to get involved, because if you wake up and have nothing, life will be difficult for you, and if someone goes to dig sand, hunger will befall Ghana."
Hc8tdrrSpbY_030.wav,tiri yɛn wo mmara yɛanhwɛ no yie a daakye yɛn ho bɛkyere yɛn nkyiri mma no wobɛkyerɛ wo papapapa mmara no nso yɛyɛ a ɛɛ wonhu no yie woahu no yie me deɛ mehu no yie because yɛse asɛm mmra sɛ wobɛkɔ na community no gold me yɛtu ne galamsey wokɔka a ɔse ɔmo de america ne community,"If we do not look closely at our laws, in the future, it will catch up with us and our descendants. You might try your best to explain the laws, but if we behave the way we do, you don't see it well—or you do see it, but as for me, I see it clearly. Because they say the issue is that if you go and they are mining gold and doing galamsey in the community, and you speak up, they say they have America and the community backing them."
eFrIBYoHo8Q_044.wav,sɛn medawoase ɛyɛ me sɛ wan for life finishetive a ɛyɛ yɛ founder doctor kwabena agyei anisoadehunu a md so mr rekyerɛ gyei ɛɛ wodi anim a yɛ make sure sɛ at least i will prefer drink water kaeɛ na ɛnyɛ asɛm ketewa ɛɛ,"How are you? Thank you. It seems to me that the 'One for Life' initiative, which is Founder Doctor Kwabena Agyei's vision that he is showing... when you are in the lead, we make sure that at least I will prefer to drink water; remember, it is not a small matter."
lHLX6Y0bBXY_021.wav,saa okay wo dua green a wonnya no saa okay sɛ obiara nnua seed no nea woaka yi under planting for food mennyɛ sure sɛ ɛyɛ bronkoaa nti wei deɛ mayɛ kakra nneɛma bɛn na ɛwɔ sɛ yɛkɔ gye seed no aburo pɛ baako ɛyɛ,"That is okay; if you plant it green, you won't get it that way. Okay, if everyone does not plant the seed as you mentioned under 'Planting for Food', I am not sure if it is strictly [bronkoaa], so regarding this, I have done a little bit. What are the requirements to go and get the seed; is it just one maize?"
L4RsjNkDM5E_058.wav,sene ɛwɔ ɛkwan ahoroɔ bebree so na mmom yɛn five no yeah seesei nea ɛyɛ ne sɛ biribiara ni a wofrɛ a ɛsi regional office anaa zonal officer no so a na wama yaso ase na yɛn nso nea ɔbɛn wo no na yama no na hɛɛ ɛnhwɛ anidie but yɛrebɔ yɛ ho mmɔden na yɛnim sɛ mmerɛ pa mu no aban nso ɛbɛboa ama nipa no bebree na abɛka yɛ,"It is done in many different ways, but for our group of five, yeah, right now what happens is that whatever you call about, if it goes to the regional office or the zonal officer, you have already processed it, and as for us, we refer it to the one closest to you, and we ensure it is handled with dignity; but we are doing our best, and we know that in due time the government will also help many people and come to support us."
gB-K2LwgnoA_015.wav,paa obiara te ne nka nti mede meho kɔhyɛɛ kwaadwuma mu na na m adɔ kakra bɛyɛ sɛ 10 years wɔ hɔ dada nti deɛ meyɛɛ ne sɛ ɛneɛ mede me sika ma yɛn nyinaa bɛ gu so enti first year no deɛ ɔbɛyɛ 40 acres bom ɛyɛ cocoa cocoa bɛyɛ antɔ deɛ no because na me,"So that everyone would be at ease, I went into farming, and I had already saved a little bit over about 10 years, so what I did was take my money for us all to invest; so for the first year, it was about 40 acres in total, it was cocoa farming because I..."
YmOkFPmf100_023.wav,woyi gusakuzafoɔ na ɛbaeɛ no wo yɛ adwuma yi accounting adwuma na woyɛɛ no ka sɛ adwuma deɛ yɛyɛ aso mfasoɔ anaasɛ yɛyɛ anya sɛdeɛ asi ayɛ no nkontabuo waduane tɔ nsuo ne akorakora ne adeɛ no kwan bɛn na,"When you mentioned the gossipers who came, you are doing this accounting work, and you said, as for the work we do, is it profitable, or are we doing it to see how the accounting for buying food, water, and miscellaneous items is handled, and what is the way to go about it?"
U7mqnWPgkgc_037.wav,a wonnya nti nea ɛyɛ a yɛreyɛ ne sɛ aburo no a yɛ dua koraa no wobu aburo no wie a n'aba a na ɛsi hɔ no ɛyɛ ne stok no ne ne nwura no nyinaa ɔmo wei nti wowɔ baabi a ɔmo nso adua aburo ne ya ɔmo twa ne fresh no a wobɛtumi agye na wode akɔ,"Because we don't have enough, what we are doing is that when we finish harvesting the corn we cultivate, the seeds that remain serve as its stock, along with all its husks. Because of this, there are places where they have also planted corn and it has ripened; they harvest it fresh so you can buy and take it away."
WdBSsA_xuBs_004.wav,doctor asamoa ho dɔ mensaa ce of salmon farms yɛbaa ha na kube yi ɛyɛ nketenkete wahu sɛ apɛgya paa adwuma a ɛkɔ sɛn oh nyame adom a ɛkɔ yie paa biribi foforɔ bi wɔ hɔ a dwuma yi wode aka ho sɛ phone adwuma sɛ ebia kube y'atwa me amanfoɔ but abusuafoɔ deɛ ɛwɔ mu ne sɛ mpuntuo aba no sɛ kube no yɛbaa first one yi kyerɛ wo na ɛyɛ nketewa sɛ,"Doctor Asamoa, regarding the salmon farms, we came here and this coconut is very small. Have you noticed that the work is progressing really well? How is it going? Oh, by God's grace, it is going very well. There is something else here that you have added to this work, like phone work, like maybe the coconut has cut me off from my people, but the reality is that there has been progress; like the first coconut we brought, I showed you, and it was small..."
1ECdzJ8EQ0U_003.wav,ghana akuafo ɛyɛ akuafoɔ yɛda mo ase nyansa baako ano a akuafoɔ eee ohh ayekoo ghana akuafo emu ayɛ bi oo nananom akuafo emu afia ei deɛ mpo nya,"Ghana farmers, you are farmers, we thank you. With one mind, oh farmers, oh, well done! Ghana farmers have done their part. Ancestors, the farmers have gathered, even those who have something."
cvok2NSHyEg_008.wav,yɛwɔ west africa center for crop employement legon aha ɛna yɛ ne nimdefoɔ no bɛtwetwe bɔne ahwɛ abɛɛfo kwanso sɛ yɛpɛ seed deɛ yɛbɛte sɛ cd foforɔ aba henfa ɛno na ɛnnɛ yɛne nimdefoɔ ɛreba abɛtwetwe ho na abotare na tena ase na tie bi na wonya biribiara wonhu sɛ anamon tuo no ɔman no gu so reto baabi a wose wohunu no nso woatumi ahunu na wode wo ho enti yɛtoa nkɔmɔ twetwe no so,"We are here at the West Africa Centre for Crop Improvement in Legon, and we are with the experts discussing modern methods. When we want seeds, we hear that new varieties have arrived, but where are they? That is what we are here with the experts to discuss today. Be patient, sit down and listen, and you will learn something. You will realize that the nation is still making progress in areas that you too can identify and take advantage of, so let us continue with the discussion."
iaTgAo3qsuQ_034.wav,a ɔbɛ nenam hɔ saa time no ayɛ sɛ woto ma wo no ɔnto mma wo but two aduane a ɛyɛ sɛ ɔmo de ma ɔmo akokɔ biara ne kwan tete a ɔfe da wode ma no nti w'anya da right quantity wɔ fie da obedi ɛno nti ɔntumi nyin na ɔnto mma wo medication nnuro a ɛsɛ wode ma ɔmo anfa ɔmo vaccination saa nnoɔma nyinaa woanyɛ no pɛpɛɛpɛ amma akokɔ no a,"When it is walking around at that time, it is like when you provide for it, it does not yield anything for you; but the type of feed you give your chickens and the way you provide it—since you have not given the right quantity at home for it to eat, it cannot grow, and it will not produce for you. As for the medication you are supposed to give them and their vaccinations, if you have not done all these things perfectly for the chicken..."
IgXzpxIFx9c_014.wav,tumi te sɛ ɔmo tumi nya nam na ɔmo ayi bebree koraa na afei abu so wɔ mu asan agya bi agu nsuo no mu ɛberɛ bɛn na saa adeɛ no ɛba ɛɛ first okay,"It's like they are able to get fish and they have taken a whole lot, and then it has overflowed in there, and they have put some back into the water—when does that thing happen first, okay?"
4m2QYTC_bko_053.wav,a ɛtaa ha mo adwene ɛɛm abɛ abɛ a ɛwɔ hɔ yi deɛ yare bebree nta nha no the main issue ɛha abɛ wɔ ghana yɛ pests ɛɛ mmoa bi a yɛfrɛ mo leave mining wɔ northern ɛhwɛ every two weeks bi,"What often bothers your minds: as for these palm trees, many diseases do not affect them. The main issue with palm trees in Ghana is pests, specifically some creatures we call leaf miners in the north, which you should check every two weeks."
RbHJKc1JFjY_008.wav,akoko kakra a medidi so na ɛbɛba sɛ yɛbɛ twa agu ɛfiri sɛ cocoa krakyefoɔ no ba mfuo no nyinaa ɔmo maame teaseɛ sɛ baabi a megye di sɛ ɛhɔ koraa na menyaa ba kakra afiri no koraa no yareɛ no ade koro hɔ no nyinaa nti yɛtwam,"The little I am surviving on, it is coming to the point where we will have to cut it down, because the cocoa farmers' children—all the farms, their mother is still alive—and the place where I believe I even got a little something from, because of the disease and everything there, we are leaving it."
yLkQ80bqWGo_032.wav,yɛtwetwe nkɔmmɔ na ɛnnɛ deɛ agya ɛyɛ me sɛ tɛkrɛma no adane kakra yɛwɔ mframa ntɛm mu owura benkam mm ɔbaa ghana bɛyɛ kwaadwuma edu baabi a yɛnansa ɛ,"We are having a conversation, but today, father, it seems to me that the tone has changed a bit; we are in the wind, Mr. Benkam, a Ghanaian woman will do lazy work, it has reached a point where our hands are..."
ZFzoww4JATI_012.wav,adv afa ne ntampa afura wo kwan bebree do ɛkaa nom ɛna yɛyɛ no ɛna y'ase sɛm ɛnnɛ yɛ pia kuafoɔ no sɛ ɛbɛhwɛ a yɛdze branches aba yɛn mmra yɛdze aba yɛn branches bebree ɛna afei nsoso,"The matter has spread widely; what is left is what we are doing, and we are starting the matter today. We are urging the farmers to see if we can bring branches; we are bringing our many branches, and then also..."
nOgtBxZ8Kho_033.wav,anaa in the wake of climate change challenges okay online those days wedding will live the remains the rest of the field no we leave them on the field alright before,"Or in the wake of climate change challenges, these days on the land, we leave the remains on the field. Yes, we leave them on the field."
qDfDsPul7bg_025.wav,okay nkɔmmɔ na ɛdɛ na yɛbrɛ no nti yɛnhwɛ obi pɛ sɛ ɔsua ayekoo deɛ y'adwumadie ne yɛdaworoma sɛ wode ayɛ yie no na obi rehwɛ sua ɛyɛ dɛn a makyerɛ na ɛbɔɔ ne hɔ sekan me brɛ sɛ na waka me yie ho ka ne ɛberɛ no so te sɛn cos obi wɔhɔ sɛ woyɛɛ da koro pɛ na ɛyɛ yie ɛho ka ɔbrɛ ne ade abrɛ wo ho so na ɛte sɛn koko dwuma dua mbom ɛberɛ wɔ mu ne sɛ wosuaseɛ,"Okay, the conversation is nice, but we are tired, so let’s look for someone who wants to learn the craft. Regarding our work and the appreciation for how well you did it—and someone is watching to learn what I taught, and it troubled them—I am tired of you talking about me, how about that? Because there are those who think that if you do something for just one day, it should work out well. Regarding that, it takes effort and humility. It is like cocoa farming; there is a time for it, and it is hard work in this world."
TPDYQh8iIKo_049.wav,"a 150,000 no so no party biara wɔ deɛ ɛrekɔ yɛwɔ baabi koraa ɔno nam no mu a nkwadaa sɛbe ɔmo adwene wɔ fam no yɛde yɛ bɛbi food mu a ɔmo di ama wɔn adwene ebue na mpo koraa wanya kata ano yɛ den so mfaso koto","With that 150,000, no matter where a party is taking place, we are there; and in doing so, for the children—pardon the expression—whose minds are not yet developed, we use it to prepare some food for them to eat so their minds can open up, and they even gain some foundation, making it strong and very beneficial."
