question,answer,category,source_text,original_twi,file_name
Why is it important to space my cocoa trees 10 feet by 10 feet apart?,"Proper spacing ensures each tree gets enough sunlight, soil nutrients, and airflow. Planting them 10 feet by 10 feet prevents overcrowding, reduces the spread of diseases, and gives cocoa plants room to yield healthy pods.",Field Setup & Layout,"They will clear the land, they will give us cocoa seedlings and we will plant them, and they will give us plantains, so they will do the layout and pegging lines; the spacing will be about 10 feet by 10 feet. When we finish that, we will give you the cocoa, and you place it next to the plantains. But actually, I haven't planted it yet because...",ɔmo bɛ twaa ɔmo bɛma yɛ cocoa nurse na yɛde adua na ɔmo ama yɛn borɔdeɛ nti ɔmo bɛyɛ lie and pergen line mpɛ no bɛyɛ 10 feet 10 feet no yɛ wie a na yɛama wo cocoa na ɔde asi borɔdeɛ no nkyɛn enti mmom deɛ manya nto because,P74kzqm2nno_035.wav
"What is pegging, and why is it done on my farmland before planting?","Pegging involves placing wooden sticks in the ground to mark the exact spots where crops should be planted. It helps keep your farm rows straight and evenly spaced, making weeding, spraying, and harvesting much easier later on.",Field Setup & Layout,"They will clear the land, they will give us cocoa seedlings and we will plant them, and they will give us plantains, so they will do the layout and pegging lines; the spacing will be about 10 feet by 10 feet. When we finish that, we will give you the cocoa, and you place it next to the plantains. But actually, I haven't planted it yet because...",ɔmo bɛ twaa ɔmo bɛma yɛ cocoa nurse na yɛde adua na ɔmo ama yɛn borɔdeɛ nti ɔmo bɛyɛ lie and pergen line mpɛ no bɛyɛ 10 feet 10 feet no yɛ wie a na yɛama wo cocoa na ɔde asi borɔdeɛ no nkyɛn enti mmom deɛ manya nto because,P74kzqm2nno_035.wav
Why do we plant crops in straight lines instead of placing them randomly across the farm?,"Planting in straight lines ensures that every crop gets equal room and light, prevents overcrowding, and allows you to walk through the farm easily to carry out maintenance without damaging young plants.",Field Setup & Layout,"They will clear the land, they will give us cocoa seedlings and we will plant them, and they will give us plantains, so they will do the layout and pegging lines; the spacing will be about 10 feet by 10 feet. When we finish that, we will give you the cocoa, and you place it next to the plantains. But actually, I haven't planted it yet because...",ɔmo bɛ twaa ɔmo bɛma yɛ cocoa nurse na yɛde adua na ɔmo ama yɛn borɔdeɛ nti ɔmo bɛyɛ lie and pergen line mpɛ no bɛyɛ 10 feet 10 feet no yɛ wie a na yɛama wo cocoa na ɔde asi borɔdeɛ no nkyɛn enti mmom deɛ manya nto because,P74kzqm2nno_035.wav
Why must I clear my land completely before planting new cocoa seedlings?,"Clearing weeds, bushes, and heavy debris removes competition for soil nutrients and water, while also eliminating pests and diseases that could attack delicate young cocoa plants.",Field Setup & Layout,"They will clear the land, they will give us cocoa seedlings and we will plant them, and they will give us plantains, so they will do the layout and pegging lines; the spacing will be about 10 feet by 10 feet. When we finish that, we will give you the cocoa, and you place it next to the plantains. But actually, I haven't planted it yet because...",ɔmo bɛ twaa ɔmo bɛma yɛ cocoa nurse na yɛde adua na ɔmo ama yɛn borɔdeɛ nti ɔmo bɛyɛ lie and pergen line mpɛ no bɛyɛ 10 feet 10 feet no yɛ wie a na yɛama wo cocoa na ɔde asi borɔdeɛ no nkyɛn enti mmom deɛ manya nto because,P74kzqm2nno_035.wav
Why do I need to plant plantains next to my new cocoa trees?,"Young cocoa trees burn easily under direct sunlight. Plantains grow quickly with large leaves that act as natural umbrellas, providing the shade and soil moisture young cocoa needs to survive its first couple of years.",Shade & Intercropping,"They will clear the land, they will give us cocoa seedlings and we will plant them, and they will give us plantains, so they will do the layout and pegging lines; the spacing will be about 10 feet by 10 feet. When we finish that, we will give you the cocoa, and you place it next to the plantains. But actually, I haven't planted it yet because...",ɔmo bɛ twaa ɔmo bɛma yɛ cocoa nurse na yɛde adua na ɔmo ama yɛn borɔdeɛ nti ɔmo bɛyɛ lie and pergen line mpɛ no bɛyɛ 10 feet 10 feet no yɛ wie a na yɛama wo cocoa na ɔde asi borɔdeɛ no nkyɛn enti mmom deɛ manya nto because,P74kzqm2nno_035.wav
Should I plant my plantains before or at the same time as my cocoa seedlings?,It is best to plant plantains slightly before or at the same time as cocoa so that the plantain leaves can grow fast enough to provide protective shade before hot weather damages the young cocoa.,Shade & Intercropping,"They will clear the land, they will give us cocoa seedlings and we will plant them, and they will give us plantains, so they will do the layout and pegging lines; the spacing will be about 10 feet by 10 feet. When we finish that, we will give you the cocoa, and you place it next to the plantains. But actually, I haven't planted it yet because...",ɔmo bɛ twaa ɔmo bɛma yɛ cocoa nurse na yɛde adua na ɔmo ama yɛn borɔdeɛ nti ɔmo bɛyɛ lie and pergen line mpɛ no bɛyɛ 10 feet 10 feet no yɛ wie a na yɛama wo cocoa na ɔde asi borɔdeɛ no nkyɛn enti mmom deɛ manya nto because,P74kzqm2nno_035.wav
Will planting plantains next to my cocoa steal nutrients away from the cocoa?,"No, when spaced correctly, plantains and cocoa share the soil well. The plantains protect the cocoa from harsh weather and provide early food and income for your family before the cocoa begins to produce.",Shade & Intercropping,"They will clear the land, they will give us cocoa seedlings and we will plant them, and they will give us plantains, so they will do the layout and pegging lines; the spacing will be about 10 feet by 10 feet. When we finish that, we will give you the cocoa, and you place it next to the plantains. But actually, I haven't planted it yet because...",ɔmo bɛ twaa ɔmo bɛma yɛ cocoa nurse na yɛde adua na ɔmo ama yɛn borɔdeɛ nti ɔmo bɛyɛ lie and pergen line mpɛ no bɛyɛ 10 feet 10 feet no yɛ wie a na yɛama wo cocoa na ɔde asi borɔdeɛ no nkyɛn enti mmom deɛ manya nto because,P74kzqm2nno_035.wav
How do young cocoa leaves react if they get too much direct sunlight?,"Young cocoa leaves exposed to harsh sun turn yellow, dry out at the edges, and drop off early because the young roots cannot draw enough water to replace what the hot sun burns away.",Crop Behavior & Plant Health,"They will clear the land, they will give us cocoa seedlings and we will plant them, and they will give us plantains, so they will do the layout and pegging lines; the spacing will be about 10 feet by 10 feet. When we finish that, we will give you the cocoa, and you place it next to the plantains. But actually, I haven't planted it yet because...",ɔmo bɛ twaa ɔmo bɛma yɛ cocoa nurse na yɛde adua na ɔmo ama yɛn borɔdeɛ nti ɔmo bɛyɛ lie and pergen line mpɛ no bɛyɛ 10 feet 10 feet no yɛ wie a na yɛama wo cocoa na ɔde asi borɔdeɛ no nkyɛn enti mmom deɛ manya nto because,P74kzqm2nno_035.wav
What happens if I delay and leave cocoa seedlings in their nursery bags for too long?,"Leaving seedlings too long in nursery bags causes their roots to twist, coil, or dry out, which weakens the plant and makes it difficult for it to establish strong roots once planted in the farm.",Crop Behavior & Plant Health,"They will clear the land, they will give us cocoa seedlings and we will plant them, and they will give us plantains, so they will do the layout and pegging lines; the spacing will be about 10 feet by 10 feet. When we finish that, we will give you the cocoa, and you place it next to the plantains. But actually, I haven't planted it yet because...",ɔmo bɛ twaa ɔmo bɛma yɛ cocoa nurse na yɛde adua na ɔmo ama yɛn borɔdeɛ nti ɔmo bɛyɛ lie and pergen line mpɛ no bɛyɛ 10 feet 10 feet no yɛ wie a na yɛama wo cocoa na ɔde asi borɔdeɛ no nkyɛn enti mmom deɛ manya nto because,P74kzqm2nno_035.wav
Why do young cocoa plants die so easily during the dry season in Ghana?,"Young cocoa trees have short, shallow roots that cannot reach water deep underground. Without temporary shade crops like plantains to hold soil moisture, intense sun rapidly dehydrates and kills the plants.",Crop Behavior & Plant Health,"They will clear the land, they will give us cocoa seedlings and we will plant them, and they will give us plantains, so they will do the layout and pegging lines; the spacing will be about 10 feet by 10 feet. When we finish that, we will give you the cocoa, and you place it next to the plantains. But actually, I haven't planted it yet because...",ɔmo bɛ twaa ɔmo bɛma yɛ cocoa nurse na yɛde adua na ɔmo ama yɛn borɔdeɛ nti ɔmo bɛyɛ lie and pergen line mpɛ no bɛyɛ 10 feet 10 feet no yɛ wie a na yɛama wo cocoa na ɔde asi borɔdeɛ no nkyɛn enti mmom deɛ manya nto because,P74kzqm2nno_035.wav
How do I know if my young cocoa plants are getting enough water during the dry season?,"If young cocoa plants do not get enough water, their leaves will droop, curl, and turn brown at the tips. You can check the soil by digging a few inches down near the plant; if it feels completely dry and crumbles easily, the roots need water.",Watering and Irrigation,"Regarding the cocoa, it has become a matter of discussion. The work you demonstrated, where you reached the point of using a cup and such for irrigation—that is what we first wanted to find out: how things are when you do the work and it thrives, and about the attachments and all that, because there is a reason.",ɔhyeɛfoɔ ɛyɛ cocoa a ɛno aba abɛyɛ nsɛm nna hɔ adwuma a woyɛeɛ woakyerɛkyerɛ sɛ yɛduru baabi koraa na wo de cup ne ade na ɛyɛ irrigation ɛno yɛde adikan deɛ ɔde yɛpɛ hu no sɛ woyɛ adwuma na adɔ ne ne nkeka ho ne adeɛ no na ɛte sɛn because bi da,1u4Dmwoh04U_030.wav
Is it helpful to manually water my young cocoa seedlings using simple containers like cups during dry months?,"Yes, during severe dry spells, pouring a measured cup or small tin of water directly at the base of each seedling keeps the main roots alive without wasting water on surrounding weeds.",Watering and Irrigation,"Regarding the cocoa, it has become a matter of discussion. The work you demonstrated, where you reached the point of using a cup and such for irrigation—that is what we first wanted to find out: how things are when you do the work and it thrives, and about the attachments and all that, because there is a reason.",ɔhyeɛfoɔ ɛyɛ cocoa a ɛno aba abɛyɛ nsɛm nna hɔ adwuma a woyɛeɛ woakyerɛkyerɛ sɛ yɛduru baabi koraa na wo de cup ne ade na ɛyɛ irrigation ɛno yɛde adikan deɛ ɔde yɛpɛ hu no sɛ woyɛ adwuma na adɔ ne ne nkeka ho ne adeɛ no na ɛte sɛn because bi da,1u4Dmwoh04U_030.wav
What is the best time of day to water my cocoa seedlings?,"The best time to water cocoa seedlings is early in the morning or late in the afternoon. During these cooler times, water does not evaporate quickly in the sun, allowing the roots to absorb most of it.",Watering and Irrigation,"Regarding the cocoa, it has become a matter of discussion. The work you demonstrated, where you reached the point of using a cup and such for irrigation—that is what we first wanted to find out: how things are when you do the work and it thrives, and about the attachments and all that, because there is a reason.",ɔhyeɛfoɔ ɛyɛ cocoa a ɛno aba abɛyɛ nsɛm nna hɔ adwuma a woyɛeɛ woakyerɛkyerɛ sɛ yɛduru baabi koraa na wo de cup ne ade na ɛyɛ irrigation ɛno yɛde adikan deɛ ɔde yɛpɛ hu no sɛ woyɛ adwuma na adɔ ne ne nkeka ho ne adeɛ no na ɛte sɛn because bi da,1u4Dmwoh04U_030.wav
Can I attach simple hose pipes or drip nozzles to a water drum to irrigate my crop?,"Yes, connecting basic hose pipes or drip attachments to a elevated water drum allows water to trickle slowly to the base of each plant, saving you labor while delivering steady moisture directly to the roots.",Watering and Irrigation,"Regarding the cocoa, it has become a matter of discussion. The work you demonstrated, where you reached the point of using a cup and such for irrigation—that is what we first wanted to find out: how things are when you do the work and it thrives, and about the attachments and all that, because there is a reason.",ɔhyeɛfoɔ ɛyɛ cocoa a ɛno aba abɛyɛ nsɛm nna hɔ adwuma a woyɛeɛ woakyerɛkyerɛ sɛ yɛduru baabi koraa na wo de cup ne ade na ɛyɛ irrigation ɛno yɛde adikan deɛ ɔde yɛpɛ hu no sɛ woyɛ adwuma na adɔ ne ne nkeka ho ne adeɛ no na ɛte sɛn because bi da,1u4Dmwoh04U_030.wav
How can I measure the right amount of liquid fertilizer or water to give each seedling without expensive tools?,"You can use standard plastic cups or small tins as measurement units to ensure every seedling receives the exact same amount of liquid, preventing plant damage from over-application.",Nutrient and Input Application,"Regarding the cocoa, it has become a matter of discussion. The work you demonstrated, where you reached the point of using a cup and such for irrigation—that is what we first wanted to find out: how things are when you do the work and it thrives, and about the attachments and all that, because there is a reason.",ɔhyeɛfoɔ ɛyɛ cocoa a ɛno aba abɛyɛ nsɛm nna hɔ adwuma a woyɛeɛ woakyerɛkyerɛ sɛ yɛduru baabi koraa na wo de cup ne ade na ɛyɛ irrigation ɛno yɛde adikan deɛ ɔde yɛpɛ hu no sɛ woyɛ adwuma na adɔ ne ne nkeka ho ne adeɛ no na ɛte sɛn because bi da,1u4Dmwoh04U_030.wav
Why do my cocoa trees drop their flowers before they turn into full pods?,"Cocoa trees naturally shed flowers if they experience stress, such as a sudden lack of water, extreme heat, or insufficient nutrients in the soil.",Crop Behavior and Health,"Regarding the cocoa, it has become a matter of discussion. The work you demonstrated, where you reached the point of using a cup and such for irrigation—that is what we first wanted to find out: how things are when you do the work and it thrives, and about the attachments and all that, because there is a reason.",ɔhyeɛfoɔ ɛyɛ cocoa a ɛno aba abɛyɛ nsɛm nna hɔ adwuma a woyɛeɛ woakyerɛkyerɛ sɛ yɛduru baabi koraa na wo de cup ne ade na ɛyɛ irrigation ɛno yɛde adikan deɛ ɔde yɛpɛ hu no sɛ woyɛ adwuma na adɔ ne ne nkeka ho ne adeɛ no na ɛte sɛn because bi da,1u4Dmwoh04U_030.wav
What causes my cocoa leaves to turn yellow and dry out at the edges?,"Yellow leaves with dry edges usually indicate that the plant is getting too much harsh sunlight without enough moisture, or that the soil is lacking essential nutrients like nitrogen.",Crop Behavior and Health,"Regarding the cocoa, it has become a matter of discussion. The work you demonstrated, where you reached the point of using a cup and such for irrigation—that is what we first wanted to find out: how things are when you do the work and it thrives, and about the attachments and all that, because there is a reason.",ɔhyeɛfoɔ ɛyɛ cocoa a ɛno aba abɛyɛ nsɛm nna hɔ adwuma a woyɛeɛ woakyerɛkyerɛ sɛ yɛduru baabi koraa na wo de cup ne ade na ɛyɛ irrigation ɛno yɛde adikan deɛ ɔde yɛpɛ hu no sɛ woyɛ adwuma na adɔ ne ne nkeka ho ne adeɛ no na ɛte sɛn because bi da,1u4Dmwoh04U_030.wav
Why are some cocoa trees on my farm growing very fast while others remain small?,"Cocoa trees grow at different speeds depending on variations in soil quality across your farm, differing sunlight exposure, or competition for nutrients from nearby weed roots.",Crop Behavior and Health,"Regarding the cocoa, it has become a matter of discussion. The work you demonstrated, where you reached the point of using a cup and such for irrigation—that is what we first wanted to find out: how things are when you do the work and it thrives, and about the attachments and all that, because there is a reason.",ɔhyeɛfoɔ ɛyɛ cocoa a ɛno aba abɛyɛ nsɛm nna hɔ adwuma a woyɛeɛ woakyerɛkyerɛ sɛ yɛduru baabi koraa na wo de cup ne ade na ɛyɛ irrigation ɛno yɛde adikan deɛ ɔde yɛpɛ hu no sɛ woyɛ adwuma na adɔ ne ne nkeka ho ne adeɛ no na ɛte sɛn because bi da,1u4Dmwoh04U_030.wav
How does too much standing water around the base affect my cocoa trees?,"When water sits around the base of a cocoa tree for too long, it prevents the roots from breathing, leading to root rot which causes leaves to turn yellow and fall off.",Crop Behavior and Health,"Regarding the cocoa, it has become a matter of discussion. The work you demonstrated, where you reached the point of using a cup and such for irrigation—that is what we first wanted to find out: how things are when you do the work and it thrives, and about the attachments and all that, because there is a reason.",ɔhyeɛfoɔ ɛyɛ cocoa a ɛno aba abɛyɛ nsɛm nna hɔ adwuma a woyɛeɛ woakyerɛkyerɛ sɛ yɛduru baabi koraa na wo de cup ne ade na ɛyɛ irrigation ɛno yɛde adikan deɛ ɔde yɛpɛ hu no sɛ woyɛ adwuma na adɔ ne ne nkeka ho ne adeɛ no na ɛte sɛn because bi da,1u4Dmwoh04U_030.wav
Why do my young cocoa plants need shade trees planted around them?,"Young cocoa trees have delicate leaves that sunburn easily under direct heat. Shade trees act like protective canopies, keeping the soil cool and reducing moisture loss from the ground.",Shade and Farm Management,"Regarding the cocoa, it has become a matter of discussion. The work you demonstrated, where you reached the point of using a cup and such for irrigation—that is what we first wanted to find out: how things are when you do the work and it thrives, and about the attachments and all that, because there is a reason.",ɔhyeɛfoɔ ɛyɛ cocoa a ɛno aba abɛyɛ nsɛm nna hɔ adwuma a woyɛeɛ woakyerɛkyerɛ sɛ yɛduru baabi koraa na wo de cup ne ade na ɛyɛ irrigation ɛno yɛde adikan deɛ ɔde yɛpɛ hu no sɛ woyɛ adwuma na adɔ ne ne nkeka ho ne adeɛ no na ɛte sɛn because bi da,1u4Dmwoh04U_030.wav
Why are the leaves on my cocoa trees turning yellow and dropping off during the dry season?,"Cocoa trees naturally drop leaves during the dry Harmattan season to reduce water loss. However, severe leaf yellowing and drop often mean the trees lack adequate shade from larger trees or are stressed by a shortage of soil nutrients like nitrogen and potassium.",Crop Symptoms and Growth Behavior,"In 2010 at the house, yeah, the interview took place because I was coming to say that the money I paid to the government amounted to seventy... why did someone cheat me in the transaction? But as a Ghanaian, I feel that only the number one gentleman of the land can speak on my behalf to help me and take me forward. Hmm, so I fought the customer.",2010 the lat present tatame house yeah interview no yɛ because merebɛkaa sɛ no sika a metua ama aban no ama seventy wordt of mention adɛn na trans obi sisi me but me yɛ ghanani deɛ the number one gentleman of the land pɛ na me feel sɛ ɔbɛtumi aka masɛm ama me sɛ ɔboa me kumfaa me kɔ hmm nti me fight the customer me,GV1jUdzu2FM_030.wav
"Why does my cassava plant grow very tall with thick green leaves, but the tubers underground remain very small?","When soil has too much nitrogen, the cassava plant spends all its energy growing branches and leaves above the ground instead of storing starch in the root tubers below.",Crop Symptoms and Growth Behavior,"In 2010 at the house, yeah, the interview took place because I was coming to say that the money I paid to the government amounted to seventy... why did someone cheat me in the transaction? But as a Ghanaian, I feel that only the number one gentleman of the land can speak on my behalf to help me and take me forward. Hmm, so I fought the customer.",2010 the lat present tatame house yeah interview no yɛ because merebɛkaa sɛ no sika a metua ama aban no ama seventy wordt of mention adɛn na trans obi sisi me but me yɛ ghanani deɛ the number one gentleman of the land pɛ na me feel sɛ ɔbɛtumi aka masɛm ama me sɛ ɔboa me kumfaa me kɔ hmm nti me fight the customer me,GV1jUdzu2FM_030.wav
Why do my tomato flowers fall off the plant before producing any fruits?,"Tomato flowers drop when the plant experiences stress from very high temperatures, irregular watering, or a lack of pollination. Without steady moisture and proper heat management, the flower fails to set fruit.",Crop Symptoms and Growth Behavior,"In 2010 at the house, yeah, the interview took place because I was coming to say that the money I paid to the government amounted to seventy... why did someone cheat me in the transaction? But as a Ghanaian, I feel that only the number one gentleman of the land can speak on my behalf to help me and take me forward. Hmm, so I fought the customer.",2010 the lat present tatame house yeah interview no yɛ because merebɛkaa sɛ no sika a metua ama aban no ama seventy wordt of mention adɛn na trans obi sisi me but me yɛ ghanani deɛ the number one gentleman of the land pɛ na me feel sɛ ɔbɛtumi aka masɛm ama me sɛ ɔboa me kumfaa me kɔ hmm nti me fight the customer me,GV1jUdzu2FM_030.wav
"Why do the leaves on my pepper plants curl up, shrink, and stop growing properly?","Leaf curling in pepper plants is usually caused by tiny sucking insects like thrips or whiteflies feeding on the sap, or by a virus transmitted by these insects that distorts plant growth.",Crop Symptoms and Growth Behavior,"In 2010 at the house, yeah, the interview took place because I was coming to say that the money I paid to the government amounted to seventy... why did someone cheat me in the transaction? But as a Ghanaian, I feel that only the number one gentleman of the land can speak on my behalf to help me and take me forward. Hmm, so I fought the customer.",2010 the lat present tatame house yeah interview no yɛ because merebɛkaa sɛ no sika a metua ama aban no ama seventy wordt of mention adɛn na trans obi sisi me but me yɛ ghanani deɛ the number one gentleman of the land pɛ na me feel sɛ ɔbɛtumi aka masɛm ama me sɛ ɔboa me kumfaa me kɔ hmm nti me fight the customer me,GV1jUdzu2FM_030.wav
Why are the leaves of my young maize plants turning pale yellow instead of dark green?,"Yellow leaves usually mean the soil lacks nitrogen, which is the main food maize needs to grow green and strong. Adding nitrogen-rich fertilizer like NPK or well-rotted animal manure gives the plants the nutrients required to regain their healthy green color.",Soil & Fertilization,"And the transport officer, okay, and the work I was doing, I was also doing side hustles along with it. And the white man for the job said I was just doing it to pass time. Oh okay, what we would call a hall, so it's not like I went to a specific school to study it, or that I was studying it; they all just do it.",na ɛsɛ transport officer okay na na adwuma no a na mereyɛ no na kwaadwuma no nso mede abata ho na adwuma no broni bɛkaa sɛ na ɛyɛ mede gyegye m'ani oh okay a yɛbɛfrɛ no sɛ hall bi nti nyɛ adeɛ sɛ mekɔ agreed school bi ɛkɔ suae anaasɛ merekɔsua no deɛ na ɔmo nyinaa yɛ,iEcjfQh1G0U_013.wav
Why is it bad for me to plant maize on the exact same piece of land every single year?,Planting the same crop every season drains the exact same nutrients from the soil repeatedly and allows crop-specific pests and diseases to build up in the field. Rotating with legumes like groundnuts or cowpeas restores nutrients naturally back into the soil.,Soil & Fertilization,"And the transport officer, okay, and the work I was doing, I was also doing side hustles along with it. And the white man for the job said I was just doing it to pass time. Oh okay, what we would call a hall, so it's not like I went to a specific school to study it, or that I was studying it; they all just do it.",na ɛsɛ transport officer okay na na adwuma no a na mereyɛ no na kwaadwuma no nso mede abata ho na adwuma no broni bɛkaa sɛ na ɛyɛ mede gyegye m'ani oh okay a yɛbɛfrɛ no sɛ hall bi nti nyɛ adeɛ sɛ mekɔ agreed school bi ɛkɔ suae anaasɛ merekɔsua no deɛ na ɔmo nyinaa yɛ,iEcjfQh1G0U_013.wav
Will I harvest more food if I plant my crop seeds very close together in the field?,"No, planting seeds too close causes the crops to fight each other for limited sunlight, water, and soil nutrients, leading to thin, weak plants with small yields. Giving crops proper spacing ensures every plant gets enough resources to produce a large harvest.",Plant Spacing & Support,"And the transport officer, okay, and the work I was doing, I was also doing side hustles along with it. And the white man for the job said I was just doing it to pass time. Oh okay, what we would call a hall, so it's not like I went to a specific school to study it, or that I was studying it; they all just do it.",na ɛsɛ transport officer okay na na adwuma no a na mereyɛ no na kwaadwuma no nso mede abata ho na adwuma no broni bɛkaa sɛ na ɛyɛ mede gyegye m'ani oh okay a yɛbɛfrɛ no sɛ hall bi nti nyɛ adeɛ sɛ mekɔ agreed school bi ɛkɔ suae anaasɛ merekɔsua no deɛ na ɔmo nyinaa yɛ,iEcjfQh1G0U_013.wav
Why do I need to put long wooden sticks in the ground for my yam vines to climb?,"Yam leaves need direct sunlight to produce the energy required to grow large tubers underground. Staking lifts the foliage off the damp soil into the sunlight, which also prevents fungal diseases from destroying wet leaves on the ground.",Plant Spacing & Support,"And the transport officer, okay, and the work I was doing, I was also doing side hustles along with it. And the white man for the job said I was just doing it to pass time. Oh okay, what we would call a hall, so it's not like I went to a specific school to study it, or that I was studying it; they all just do it.",na ɛsɛ transport officer okay na na adwuma no a na mereyɛ no na kwaadwuma no nso mede abata ho na adwuma no broni bɛkaa sɛ na ɛyɛ mede gyegye m'ani oh okay a yɛbɛfrɛ no sɛ hall bi nti nyɛ adeɛ sɛ mekɔ agreed school bi ɛkɔ suae anaasɛ merekɔsua no deɛ na ɔmo nyinaa yɛ,iEcjfQh1G0U_013.wav
Why do my cassava roots rot underground in the soil before I get to harvest them?,Cassava roots rot when excessive rainwater sits in heavy soil and smothers the root system. Planting your cassava on raised soil mounds or ridges allows excess water to drain away easily so the roots stay healthy.,Water & Shade Management,"And the transport officer, okay, and the work I was doing, I was also doing side hustles along with it. And the white man for the job said I was just doing it to pass time. Oh okay, what we would call a hall, so it's not like I went to a specific school to study it, or that I was studying it; they all just do it.",na ɛsɛ transport officer okay na na adwuma no a na mereyɛ no na kwaadwuma no nso mede abata ho na adwuma no broni bɛkaa sɛ na ɛyɛ mede gyegye m'ani oh okay a yɛbɛfrɛ no sɛ hall bi nti nyɛ adeɛ sɛ mekɔ agreed school bi ɛkɔ suae anaasɛ merekɔsua no deɛ na ɔmo nyinaa yɛ,iEcjfQh1G0U_013.wav
Why do my young cocoa trees dry up and die during the hot harmattan season?,"Dry harmattan winds and intense sunlight draw water out of young cocoa plants faster than their small roots can drink it. Planting plantains alongside young cocoa provides shade and traps moisture, protecting the seedlings until they grow strong roots.",Water & Shade Management,"And the transport officer, okay, and the work I was doing, I was also doing side hustles along with it. And the white man for the job said I was just doing it to pass time. Oh okay, what we would call a hall, so it's not like I went to a specific school to study it, or that I was studying it; they all just do it.",na ɛsɛ transport officer okay na na adwuma no a na mereyɛ no na kwaadwuma no nso mede abata ho na adwuma no broni bɛkaa sɛ na ɛyɛ mede gyegye m'ani oh okay a yɛbɛfrɛ no sɛ hall bi nti nyɛ adeɛ sɛ mekɔ agreed school bi ɛkɔ suae anaasɛ merekɔsua no deɛ na ɔmo nyinaa yɛ,iEcjfQh1G0U_013.wav
What is causing ragged holes in my maize leaves along with small brownish dirt inside the top of the plant?,Ragged holes and brownish dirt are signs of Fall Armyworm caterpillars eating the center of your maize plants. Applying recommended treatments directly into the central funnel of the plant early in the morning destroys the caterpillars before they ruin the whole crop.,Pest & Disease Control,"And the transport officer, okay, and the work I was doing, I was also doing side hustles along with it. And the white man for the job said I was just doing it to pass time. Oh okay, what we would call a hall, so it's not like I went to a specific school to study it, or that I was studying it; they all just do it.",na ɛsɛ transport officer okay na na adwuma no a na mereyɛ no na kwaadwuma no nso mede abata ho na adwuma no broni bɛkaa sɛ na ɛyɛ mede gyegye m'ani oh okay a yɛbɛfrɛ no sɛ hall bi nti nyɛ adeɛ sɛ mekɔ agreed school bi ɛkɔ suae anaasɛ merekɔsua no deɛ na ɔmo nyinaa yɛ,iEcjfQh1G0U_013.wav
Why are the leaves on my pepper plants curling upwards and twisting tightly like old paper?,Leaf curling in peppers is typically caused by tiny sucking pests like aphids or thrips that spread plant viruses while feeding on leaf sap. Controlling these pests early with neem oil or recommended sprays protects new leaves from curling.,Pest & Disease Control,"And the transport officer, okay, and the work I was doing, I was also doing side hustles along with it. And the white man for the job said I was just doing it to pass time. Oh okay, what we would call a hall, so it's not like I went to a specific school to study it, or that I was studying it; they all just do it.",na ɛsɛ transport officer okay na na adwuma no a na mereyɛ no na kwaadwuma no nso mede abata ho na adwuma no broni bɛkaa sɛ na ɛyɛ mede gyegye m'ani oh okay a yɛbɛfrɛ no sɛ hall bi nti nyɛ adeɛ sɛ mekɔ agreed school bi ɛkɔ suae anaasɛ merekɔsua no deɛ na ɔmo nyinaa yɛ,iEcjfQh1G0U_013.wav
Why are the flowers on my tomato plants falling off without turning into tomatoes?,Tomato flowers drop when the plant suffers from sudden heat stress or uneven watering. Keeping the soil consistently moist around the base of the plant during hot periods encourages the flowers to stay on and turn into tomatoes.,Flower & Yield Management,"And the transport officer, okay, and the work I was doing, I was also doing side hustles along with it. And the white man for the job said I was just doing it to pass time. Oh okay, what we would call a hall, so it's not like I went to a specific school to study it, or that I was studying it; they all just do it.",na ɛsɛ transport officer okay na na adwuma no a na mereyɛ no na kwaadwuma no nso mede abata ho na adwuma no broni bɛkaa sɛ na ɛyɛ mede gyegye m'ani oh okay a yɛbɛfrɛ no sɛ hall bi nti nyɛ adeɛ sɛ mekɔ agreed school bi ɛkɔ suae anaasɛ merekɔsua no deɛ na ɔmo nyinaa yɛ,iEcjfQh1G0U_013.wav
Why do weeds make my crops stay small and weak even when I water them?,Weeds act as aggressive competitors that drink up the water and steal the soil food meant for your crops. Removing weeds early gives your crops full access to the nutrients they need to grow tall and strong.,Flower & Yield Management,"And the transport officer, okay, and the work I was doing, I was also doing side hustles along with it. And the white man for the job said I was just doing it to pass time. Oh okay, what we would call a hall, so it's not like I went to a specific school to study it, or that I was studying it; they all just do it.",na ɛsɛ transport officer okay na na adwuma no a na mereyɛ no na kwaadwuma no nso mede abata ho na adwuma no broni bɛkaa sɛ na ɛyɛ mede gyegye m'ani oh okay a yɛbɛfrɛ no sɛ hall bi nti nyɛ adeɛ sɛ mekɔ agreed school bi ɛkɔ suae anaasɛ merekɔsua no deɛ na ɔmo nyinaa yɛ,iEcjfQh1G0U_013.wav
Why do the leaves on my young cocoa plants turn brown and scorch in the dry season?,"Young cocoa plants are sensitive to direct, harsh sunlight and intense heat. Planting shade crops like plantains next to young cocoa creates a canopy that shields them from heat stress and preserves soil moisture.",Basic Field Setup & Planting,"What is ""one for life"" and why the heart? And you chose yes, as for ""one for life,"" it is about the heart, because upon looking into it, it seems to me that he wants the company of elders. Where does the ball sit, and then it becomes a ""societal leader""? We can complain that no, the heart, we do it like...",dɛn one for life na adɛn na heart ɛna mofaeɛ yes ɛɛ one for life no deɛ ɛyɛ akoma because yɛhwehwɛɛ mu ara ɛyɛ me sɛ ɔpɛ mpaninfoɔ company no bɔɔl no ɛtenase ɛhefa ɛna ɛba societal leader yɛbɛtumi complain sɛ daabi akoma yɛyɛ no sɛ,eFrIBYoHo8Q_050.wav
How far apart should I plant my plantain suckers when setting up a new farm?,Plantain suckers should be planted about 3 meters apart. Proper spacing prevents the leaves from shading each other out completely and stops roots from competing for water and nutrients.,Basic Field Setup & Planting,"What is ""one for life"" and why the heart? And you chose yes, as for ""one for life,"" it is about the heart, because upon looking into it, it seems to me that he wants the company of elders. Where does the ball sit, and then it becomes a ""societal leader""? We can complain that no, the heart, we do it like...",dɛn one for life na adɛn na heart ɛna mofaeɛ yes ɛɛ one for life no deɛ ɛyɛ akoma because yɛhwehwɛɛ mu ara ɛyɛ me sɛ ɔpɛ mpaninfoɔ company no bɔɔl no ɛtenase ɛhefa ɛna ɛba societal leader yɛbɛtumi complain sɛ daabi akoma yɛyɛ no sɛ,eFrIBYoHo8Q_050.wav
Why do I need to put tall wooden stakes next to my yam vines?,Yam plants are climbing vines that need stakes to expose their leaves to sunlight. Lifted leaves make more food to grow big underground tubers and stay off the wet ground where leaf diseases spread.,Basic Field Setup & Planting,"What is ""one for life"" and why the heart? And you chose yes, as for ""one for life,"" it is about the heart, because upon looking into it, it seems to me that he wants the company of elders. Where does the ball sit, and then it becomes a ""societal leader""? We can complain that no, the heart, we do it like...",dɛn one for life na adɛn na heart ɛna mofaeɛ yes ɛɛ one for life no deɛ ɛyɛ akoma because yɛhwehwɛɛ mu ara ɛyɛ me sɛ ɔpɛ mpaninfoɔ company no bɔɔl no ɛtenase ɛhefa ɛna ɛba societal leader yɛbɛtumi complain sɛ daabi akoma yɛyɛ no sɛ,eFrIBYoHo8Q_050.wav
Why are my maize leaves full of ragged holes with small worms inside?,This leaf damage is usually caused by Fall Armyworm caterpillars that feed on the soft growing center of young maize. Early detection and applying recommended insecticides or botanical treatments like neem extract protect the yield.,Crop Health & Pest Control,"What is ""one for life"" and why the heart? And you chose yes, as for ""one for life,"" it is about the heart, because upon looking into it, it seems to me that he wants the company of elders. Where does the ball sit, and then it becomes a ""societal leader""? We can complain that no, the heart, we do it like...",dɛn one for life na adɛn na heart ɛna mofaeɛ yes ɛɛ one for life no deɛ ɛyɛ akoma because yɛhwehwɛɛ mu ara ɛyɛ me sɛ ɔpɛ mpaninfoɔ company no bɔɔl no ɛtenase ɛhefa ɛna ɛba societal leader yɛbɛtumi complain sɛ daabi akoma yɛyɛ no sɛ,eFrIBYoHo8Q_050.wav
Why are the leaves on my pepper plants twisting and curling up tight?,"Leaf curling in pepper plants is typically caused by tiny insects like thrips or aphids sucking sap, or by a viral infection spread by whiteflies. Controlling these sap-sucking insects stops the leaves from curling.",Crop Health & Pest Control,"What is ""one for life"" and why the heart? And you chose yes, as for ""one for life,"" it is about the heart, because upon looking into it, it seems to me that he wants the company of elders. Where does the ball sit, and then it becomes a ""societal leader""? We can complain that no, the heart, we do it like...",dɛn one for life na adɛn na heart ɛna mofaeɛ yes ɛɛ one for life no deɛ ɛyɛ akoma because yɛhwehwɛɛ mu ara ɛyɛ me sɛ ɔpɛ mpaninfoɔ company no bɔɔl no ɛtenase ɛhefa ɛna ɛba societal leader yɛbɛtumi complain sɛ daabi akoma yɛyɛ no sɛ,eFrIBYoHo8Q_050.wav
Why are my tomato flowers dropping off without turning into small tomatoes?,"Tomato flowers fall off when the plant experiences heat stress, irregular watering, or extreme dry spells. Keeping soil moisture consistent prevents stress and allows flowers to set fruit.",Crop Health & Pest Control,"What is ""one for life"" and why the heart? And you chose yes, as for ""one for life,"" it is about the heart, because upon looking into it, it seems to me that he wants the company of elders. Where does the ball sit, and then it becomes a ""societal leader""? We can complain that no, the heart, we do it like...",dɛn one for life na adɛn na heart ɛna mofaeɛ yes ɛɛ one for life no deɛ ɛyɛ akoma because yɛhwehwɛɛ mu ara ɛyɛ me sɛ ɔpɛ mpaninfoɔ company no bɔɔl no ɛtenase ɛhefa ɛna ɛba societal leader yɛbɛtumi complain sɛ daabi akoma yɛyɛ no sɛ,eFrIBYoHo8Q_050.wav
Why are my maize stalks staying short and turning light yellow instead of dark green?,"Yellowing maize leaves mean the soil lacks nitrogen, which is the key nutrient plants use to grow tall and produce chlorophyll. Applying nitrogen fertilizer or compost restores healthy green growth.",Soil Nutrition & Plant Growth,"What is ""one for life"" and why the heart? And you chose yes, as for ""one for life,"" it is about the heart, because upon looking into it, it seems to me that he wants the company of elders. Where does the ball sit, and then it becomes a ""societal leader""? We can complain that no, the heart, we do it like...",dɛn one for life na adɛn na heart ɛna mofaeɛ yes ɛɛ one for life no deɛ ɛyɛ akoma because yɛhwehwɛɛ mu ara ɛyɛ me sɛ ɔpɛ mpaninfoɔ company no bɔɔl no ɛtenase ɛhefa ɛna ɛba societal leader yɛbɛtumi complain sɛ daabi akoma yɛyɛ no sɛ,eFrIBYoHo8Q_050.wav
How does planting cowpeas or groundnuts help improve my soil for the next season?,"Legumes like cowpeas absorb nitrogen gas from the air and store it in their roots. When the roots decompose after harvest, they release this extra nitrogen into the soil, feeding the next crop.",Soil Nutrition & Plant Growth,"What is ""one for life"" and why the heart? And you chose yes, as for ""one for life,"" it is about the heart, because upon looking into it, it seems to me that he wants the company of elders. Where does the ball sit, and then it becomes a ""societal leader""? We can complain that no, the heart, we do it like...",dɛn one for life na adɛn na heart ɛna mofaeɛ yes ɛɛ one for life no deɛ ɛyɛ akoma because yɛhwehwɛɛ mu ara ɛyɛ me sɛ ɔpɛ mpaninfoɔ company no bɔɔl no ɛtenase ɛhefa ɛna ɛba societal leader yɛbɛtumi complain sɛ daabi akoma yɛyɛ no sɛ,eFrIBYoHo8Q_050.wav
How do I know when my cassava crop is ready to be dug up?,"Cassava is generally ready for harvest between 9 to 12 months after planting, when lower leaves turn yellow and drop off, and the soil surrounding the stem begins to crack from expanding roots.",Harvesting & Crop Behavior,"What is ""one for life"" and why the heart? And you chose yes, as for ""one for life,"" it is about the heart, because upon looking into it, it seems to me that he wants the company of elders. Where does the ball sit, and then it becomes a ""societal leader""? We can complain that no, the heart, we do it like...",dɛn one for life na adɛn na heart ɛna mofaeɛ yes ɛɛ one for life no deɛ ɛyɛ akoma because yɛhwehwɛɛ mu ara ɛyɛ me sɛ ɔpɛ mpaninfoɔ company no bɔɔl no ɛtenase ɛhefa ɛna ɛba societal leader yɛbɛtumi complain sɛ daabi akoma yɛyɛ no sɛ,eFrIBYoHo8Q_050.wav
Why does my lowland rice crop perform better when there is standing water in the field?,"Standing water drowns out weeds that compete with rice for nutrients and maintains a steady soil temperature, allowing the rice plants to focus energy on producing full grain heads.",Harvesting & Crop Behavior,"What is ""one for life"" and why the heart? And you chose yes, as for ""one for life,"" it is about the heart, because upon looking into it, it seems to me that he wants the company of elders. Where does the ball sit, and then it becomes a ""societal leader""? We can complain that no, the heart, we do it like...",dɛn one for life na adɛn na heart ɛna mofaeɛ yes ɛɛ one for life no deɛ ɛyɛ akoma because yɛhwehwɛɛ mu ara ɛyɛ me sɛ ɔpɛ mpaninfoɔ company no bɔɔl no ɛtenase ɛhefa ɛna ɛba societal leader yɛbɛtumi complain sɛ daabi akoma yɛyɛ no sɛ,eFrIBYoHo8Q_050.wav
Why do many of the small flowers on my cocoa trees fall off without ever turning into cocoa pods?,"Cocoa flowers need to be pollinated—either by tiny insects like midges or by hand—to form pods. If a flower isn't pollinated within a day or two, it dies and drops off the tree naturally.",Cocoa Pollination & Flowering,"It will encourage them because pollination has spread throughout Ghana and boosted our cocoa. Well done. Amen, Father, I send greetings. Please, what is your name and the work you do? It is good. My name is Clemente Yammoa; I am a cocoa farmer, and I also have an account there.",ɛbɛ hyɛ ɔmo nkuran esiane sɛ pollination aba abɛsu ghana sin paa ama yɛ cocoa ɛrekɔso ayekoo amen agya mema ei mepawokyɛw wo din ɛne adwuma a ɔyɛ yoo yɛfrɛ me clemente yammoa meyɛ cocoa adwuma na mesan ayɛ account hɔ,dwepemPuBwA_049.wav
How does hand pollination actually work to increase the amount of cocoa I harvest?,"Hand pollination means manually transferring pollen from one cocoa flower to another using small brushes or forceps. This ensures almost every flower receives pollen and develops into a healthy pod, rather than waiting for scarce insects to do it.",Cocoa Pollination & Flowering,"It will encourage them because pollination has spread throughout Ghana and boosted our cocoa. Well done. Amen, Father, I send greetings. Please, what is your name and the work you do? It is good. My name is Clemente Yammoa; I am a cocoa farmer, and I also have an account there.",ɛbɛ hyɛ ɔmo nkuran esiane sɛ pollination aba abɛsu ghana sin paa ama yɛ cocoa ɛrekɔso ayekoo amen agya mema ei mepawokyɛw wo din ɛne adwuma a ɔyɛ yoo yɛfrɛ me clemente yammoa meyɛ cocoa adwuma na mesan ayɛ account hɔ,dwepemPuBwA_049.wav
Why do the leaves on my young cocoa plants turn yellow and dry up when there are no shade trees around?,"Young cocoa trees burn easily under direct, harsh sunlight. They need shade trees or plantains nearby to filter the light and protect their tender leaves until they grow strong enough.",Shade & Environmental Care,"It will encourage them because pollination has spread throughout Ghana and boosted our cocoa. Well done. Amen, Father, I send greetings. Please, what is your name and the work you do? It is good. My name is Clemente Yammoa; I am a cocoa farmer, and I also have an account there.",ɛbɛ hyɛ ɔmo nkuran esiane sɛ pollination aba abɛsu ghana sin paa ama yɛ cocoa ɛrekɔso ayekoo amen agya mema ei mepawokyɛw wo din ɛne adwuma a ɔyɛ yoo yɛfrɛ me clemente yammoa meyɛ cocoa adwuma na mesan ayɛ account hɔ,dwepemPuBwA_049.wav
Why should I cut off extra stems and small shoots from my cocoa trees when they seem to be growing fine?,"Pruning removes unnecessary stems so the tree doesn't waste energy on useless leaves. It allows sunlight and air to move freely through the tree, which prevents diseases and encourages big pod growth.",Tree Maintenance & Pruning,"It will encourage them because pollination has spread throughout Ghana and boosted our cocoa. Well done. Amen, Father, I send greetings. Please, what is your name and the work you do? It is good. My name is Clemente Yammoa; I am a cocoa farmer, and I also have an account there.",ɛbɛ hyɛ ɔmo nkuran esiane sɛ pollination aba abɛsu ghana sin paa ama yɛ cocoa ɛrekɔso ayekoo amen agya mema ei mepawokyɛw wo din ɛne adwuma a ɔyɛ yoo yɛfrɛ me clemente yammoa meyɛ cocoa adwuma na mesan ayɛ account hɔ,dwepemPuBwA_049.wav
What causes green cocoa pods to suddenly turn black and rot on the branch during heavy rains?,"This is caused by Black Pod disease, a fungus that thrives in damp, dark weather. Removing affected pods early and keeping the farm clear of weeds helps stop the fungus from spreading.",Pest & Disease Control,"It will encourage them because pollination has spread throughout Ghana and boosted our cocoa. Well done. Amen, Father, I send greetings. Please, what is your name and the work you do? It is good. My name is Clemente Yammoa; I am a cocoa farmer, and I also have an account there.",ɛbɛ hyɛ ɔmo nkuran esiane sɛ pollination aba abɛsu ghana sin paa ama yɛ cocoa ɛrekɔso ayekoo amen agya mema ei mepawokyɛw wo din ɛne adwuma a ɔyɛ yoo yɛfrɛ me clemente yammoa meyɛ cocoa adwuma na mesan ayɛ account hɔ,dwepemPuBwA_049.wav
Why do insects attack my cocoa trees more when the farm is overgrown with weeds?,"Tall weeds create a moist, hidden environment where pests and insects can breed safely. Keeping your land clear deprives insects of hiding spots and reduces attacks on your trees.",Pest & Disease Control,"It will encourage them because pollination has spread throughout Ghana and boosted our cocoa. Well done. Amen, Father, I send greetings. Please, what is your name and the work you do? It is good. My name is Clemente Yammoa; I am a cocoa farmer, and I also have an account there.",ɛbɛ hyɛ ɔmo nkuran esiane sɛ pollination aba abɛsu ghana sin paa ama yɛ cocoa ɛrekɔso ayekoo amen agya mema ei mepawokyɛw wo din ɛne adwuma a ɔyɛ yoo yɛfrɛ me clemente yammoa meyɛ cocoa adwuma na mesan ayɛ account hɔ,dwepemPuBwA_049.wav
What will happen if I plant my cocoa seedlings very close together so I can fit more on my land?,"When cocoa trees are planted too close, their roots and leaves fight for water, soil nutrients, and sunlight. This results in weak trees, smaller pods, and a higher risk of disease spread.",Planting & Spacing,"It will encourage them because pollination has spread throughout Ghana and boosted our cocoa. Well done. Amen, Father, I send greetings. Please, what is your name and the work you do? It is good. My name is Clemente Yammoa; I am a cocoa farmer, and I also have an account there.",ɛbɛ hyɛ ɔmo nkuran esiane sɛ pollination aba abɛsu ghana sin paa ama yɛ cocoa ɛrekɔso ayekoo amen agya mema ei mepawokyɛw wo din ɛne adwuma a ɔyɛ yoo yɛfrɛ me clemente yammoa meyɛ cocoa adwuma na mesan ayɛ account hɔ,dwepemPuBwA_049.wav
How can I tell if my soil is weak and needs fertilizer for my cocoa farm?,"If your cocoa trees grow very slowly, have pale leaves, or produce small and empty-looking pods, it means the soil lacks essential nutrients like nitrogen, phosphorus, or potassium.",Soil & Plant Nutrition,"It will encourage them because pollination has spread throughout Ghana and boosted our cocoa. Well done. Amen, Father, I send greetings. Please, what is your name and the work you do? It is good. My name is Clemente Yammoa; I am a cocoa farmer, and I also have an account there.",ɛbɛ hyɛ ɔmo nkuran esiane sɛ pollination aba abɛsu ghana sin paa ama yɛ cocoa ɛrekɔso ayekoo amen agya mema ei mepawokyɛw wo din ɛne adwuma a ɔyɛ yoo yɛfrɛ me clemente yammoa meyɛ cocoa adwuma na mesan ayɛ account hɔ,dwepemPuBwA_049.wav
How do I know the exact right time to harvest my cocoa pods from the tree?,Ripe cocoa pods change color completely from green or dark red to bright yellow or orange. Harvesting them when they turn fully yellow ensures the beans inside are mature and ready for fermentation.,Harvesting Practices,"It will encourage them because pollination has spread throughout Ghana and boosted our cocoa. Well done. Amen, Father, I send greetings. Please, what is your name and the work you do? It is good. My name is Clemente Yammoa; I am a cocoa farmer, and I also have an account there.",ɛbɛ hyɛ ɔmo nkuran esiane sɛ pollination aba abɛsu ghana sin paa ama yɛ cocoa ɛrekɔso ayekoo amen agya mema ei mepawokyɛw wo din ɛne adwuma a ɔyɛ yoo yɛfrɛ me clemente yammoa meyɛ cocoa adwuma na mesan ayɛ account hɔ,dwepemPuBwA_049.wav
Is it good for me to plant cassava on the same piece of land as my young cocoa trees?,"Cassava is a heavy feeder that aggressive pulls water and nutrients out of the soil, which can starve young cocoa trees. It is better to use plantains, which provide good shade without choking the cocoa.",Intercropping & Land Management,"It will encourage them because pollination has spread throughout Ghana and boosted our cocoa. Well done. Amen, Father, I send greetings. Please, what is your name and the work you do? It is good. My name is Clemente Yammoa; I am a cocoa farmer, and I also have an account there.",ɛbɛ hyɛ ɔmo nkuran esiane sɛ pollination aba abɛsu ghana sin paa ama yɛ cocoa ɛrekɔso ayekoo amen agya mema ei mepawokyɛw wo din ɛne adwuma a ɔyɛ yoo yɛfrɛ me clemente yammoa meyɛ cocoa adwuma na mesan ayɛ account hɔ,dwepemPuBwA_049.wav
How can I tell if the maize seeds I saved from last season are good enough to plant this year?,"You can do a simple germination test before planting. Place ten seeds inside a wet paper or cloth towel, keep it moist for five days, and count how many sprout. If eight or more sprout, your seed batch is strong enough to plant.",Seed Selection & Planting,"You will be able to get some to buy, as I told you, that this interview has been going on for a little while because '24 is coming to an end, and since the UTV that is operating is doing an interview, you entered the 2021 season and wanted to plant some seeds, yet you are still running a YouTube page.",wobɛtumi anya bi atɔ sɛdeɛn ka kyerɛ wo no sɛ interview wei akɔ akɔyɛ afebɔɔ kakra esiane sɛ 24 ɛkɔ n'awieeɛ no na utv a ɛkɔ dwuma deɛ ɛyɛ interview nti wo wura 2021 season no mu na wopɛ seedni bi adua still wokɔyɛ youtube page,znxVf5TuXyg_020.wav
Why are the leaves on my cassava plants curling up and turning yellow?,"Leaf curling and yellowing on cassava is usually caused by Cassava Mosaic Disease, which is spread by tiny whiteflies. Using certified disease-resistant stems and pulling out infected plants early stops the disease from spreading across your farm.",Pest Management,"You will be able to get some to buy, as I told you, that this interview has been going on for a little while because '24 is coming to an end, and since the UTV that is operating is doing an interview, you entered the 2021 season and wanted to plant some seeds, yet you are still running a YouTube page.",wobɛtumi anya bi atɔ sɛdeɛn ka kyerɛ wo no sɛ interview wei akɔ akɔyɛ afebɔɔ kakra esiane sɛ 24 ɛkɔ n'awieeɛ no na utv a ɛkɔ dwuma deɛ ɛyɛ interview nti wo wura 2021 season no mu na wopɛ seedni bi adua still wokɔyɛ youtube page,znxVf5TuXyg_020.wav
Why shouldn't I apply fertilizer when the ground is dry during a hot dry spell?,"Fertilizer needs water to dissolve so roots can absorb it safely. Applying fertilizer on dry soil under intense heat can burn crop roots and waste your money, as the nutrients cannot be taken up without soil moisture.",Soil Health & Fertilizer,"You will be able to get some to buy, as I told you, that this interview has been going on for a little while because '24 is coming to an end, and since the UTV that is operating is doing an interview, you entered the 2021 season and wanted to plant some seeds, yet you are still running a YouTube page.",wobɛtumi anya bi atɔ sɛdeɛn ka kyerɛ wo no sɛ interview wei akɔ akɔyɛ afebɔɔ kakra esiane sɛ 24 ɛkɔ n'awieeɛ no na utv a ɛkɔ dwuma deɛ ɛyɛ interview nti wo wura 2021 season no mu na wopɛ seedni bi adua still wokɔyɛ youtube page,znxVf5TuXyg_020.wav
What happens to my maize crop if I plant seeds too close together in the field?,"When crops are planted too close together, they fight each other for sunlight, soil nutrients, and water. This results in thin, weak stalks that fall over easily and produce very small or empty maize cobs.",Crop Spacing,"You will be able to get some to buy, as I told you, that this interview has been going on for a little while because '24 is coming to an end, and since the UTV that is operating is doing an interview, you entered the 2021 season and wanted to plant some seeds, yet you are still running a YouTube page.",wobɛtumi anya bi atɔ sɛdeɛn ka kyerɛ wo no sɛ interview wei akɔ akɔyɛ afebɔɔ kakra esiane sɛ 24 ɛkɔ n'awieeɛ no na utv a ɛkɔ dwuma deɛ ɛyɛ interview nti wo wura 2021 season no mu na wopɛ seedni bi adua still wokɔyɛ youtube page,znxVf5TuXyg_020.wav
Why do my young cocoa seedlings wither and die when I cut down all the large trees on my land?,"Young cocoa plants are sensitive to direct, intense sunlight and high heat. Leaving or planting shade trees like plantains or leguminous trees keeps the air cool and protects young cocoa leaves from burning while they establish roots.",Shade & Tree Management,"You will be able to get some to buy, as I told you, that this interview has been going on for a little while because '24 is coming to an end, and since the UTV that is operating is doing an interview, you entered the 2021 season and wanted to plant some seeds, yet you are still running a YouTube page.",wobɛtumi anya bi atɔ sɛdeɛn ka kyerɛ wo no sɛ interview wei akɔ akɔyɛ afebɔɔ kakra esiane sɛ 24 ɛkɔ n'awieeɛ no na utv a ɛkɔ dwuma deɛ ɛyɛ interview nti wo wura 2021 season no mu na wopɛ seedni bi adua still wokɔyɛ youtube page,znxVf5TuXyg_020.wav
Why do weeds grow faster than my crops even after I put fertilizer on the field?,"Weeds are wild, tough plants that absorb water and fertilizer nutrients much faster than cultivated crops. Clearing weeds early in the season ensures your crops get to consume the fertilizer before weeds steal it.",Weed Control,"You will be able to get some to buy, as I told you, that this interview has been going on for a little while because '24 is coming to an end, and since the UTV that is operating is doing an interview, you entered the 2021 season and wanted to plant some seeds, yet you are still running a YouTube page.",wobɛtumi anya bi atɔ sɛdeɛn ka kyerɛ wo no sɛ interview wei akɔ akɔyɛ afebɔɔ kakra esiane sɛ 24 ɛkɔ n'awieeɛ no na utv a ɛkɔ dwuma deɛ ɛyɛ interview nti wo wura 2021 season no mu na wopɛ seedni bi adua still wokɔyɛ youtube page,znxVf5TuXyg_020.wav
Why are insects eating up my harvested maize inside sealed storage bags?,"Insects or their invisible eggs were likely already on the maize before bagging, or the grain had too much moisture inside. Drying your maize thoroughly in the sun until it crackles and using airtight PICS bags suffocates any remaining pests.",Post-Harvest Storage,"You will be able to get some to buy, as I told you, that this interview has been going on for a little while because '24 is coming to an end, and since the UTV that is operating is doing an interview, you entered the 2021 season and wanted to plant some seeds, yet you are still running a YouTube page.",wobɛtumi anya bi atɔ sɛdeɛn ka kyerɛ wo no sɛ interview wei akɔ akɔyɛ afebɔɔ kakra esiane sɛ 24 ɛkɔ n'awieeɛ no na utv a ɛkɔ dwuma deɛ ɛyɛ interview nti wo wura 2021 season no mu na wopɛ seedni bi adua still wokɔyɛ youtube page,znxVf5TuXyg_020.wav
Is it better for my tomato crops if I water them early in the morning or during the hot afternoon?,Watering early in the morning is best because the soil absorbs the moisture before the midday heat. Watering in the afternoon causes water to evaporate rapidly before reaching roots and can burn warm leaves.,Water Management,"You will be able to get some to buy, as I told you, that this interview has been going on for a little while because '24 is coming to an end, and since the UTV that is operating is doing an interview, you entered the 2021 season and wanted to plant some seeds, yet you are still running a YouTube page.",wobɛtumi anya bi atɔ sɛdeɛn ka kyerɛ wo no sɛ interview wei akɔ akɔyɛ afebɔɔ kakra esiane sɛ 24 ɛkɔ n'awieeɛ no na utv a ɛkɔ dwuma deɛ ɛyɛ interview nti wo wura 2021 season no mu na wopɛ seedni bi adua still wokɔyɛ youtube page,znxVf5TuXyg_020.wav
Why is it bad for my soil if I plant maize on the exact same spot year after year?,Planting the same crop continuously drains the exact same nutrients every season and allows specific soil pests to build up. Rotating maize with beans or groundnuts restores soil fertility naturally and breaks pest life cycles.,Crop Rotation,"You will be able to get some to buy, as I told you, that this interview has been going on for a little while because '24 is coming to an end, and since the UTV that is operating is doing an interview, you entered the 2021 season and wanted to plant some seeds, yet you are still running a YouTube page.",wobɛtumi anya bi atɔ sɛdeɛn ka kyerɛ wo no sɛ interview wei akɔ akɔyɛ afebɔɔ kakra esiane sɛ 24 ɛkɔ n'awieeɛ no na utv a ɛkɔ dwuma deɛ ɛyɛ interview nti wo wura 2021 season no mu na wopɛ seedni bi adua still wokɔyɛ youtube page,znxVf5TuXyg_020.wav
How do I know the exact right time to harvest my groundnuts so they don't rot in the ground?,"Groundnuts are ready when the leaves turn yellow and begin to dry up. You can pull up one plant to check—if the insides of the shells have dark brown markings and the nuts fill out the shell completely, it is time to harvest.",Harvesting Timing,"You will be able to get some to buy, as I told you, that this interview has been going on for a little while because '24 is coming to an end, and since the UTV that is operating is doing an interview, you entered the 2021 season and wanted to plant some seeds, yet you are still running a YouTube page.",wobɛtumi anya bi atɔ sɛdeɛn ka kyerɛ wo no sɛ interview wei akɔ akɔyɛ afebɔɔ kakra esiane sɛ 24 ɛkɔ n'awieeɛ no na utv a ɛkɔ dwuma deɛ ɛyɛ interview nti wo wura 2021 season no mu na wopɛ seedni bi adua still wokɔyɛ youtube page,znxVf5TuXyg_020.wav
Why do some groundnut plants produce large seeds while others produce small seeds on the same farm?,"Different groundnut varieties carry different traits. Plant breeders intentionally develop some varieties to produce larger seeds for snacking and direct eating, while smaller-seeded varieties are often developed for oil extraction.",Variety Selection and Market Needs,"I am a plant breeder, and whenever we do this work, we collaborate with farmers and those who work with groundnuts, perhaps those who sell them and those who use them to make various food products; it requires us to have many creative variations, and we make a selection.",tete wo tia meyɛ plan breeder na ɛberɛ biara no yɛ adwuma no deɛ yɛyɛ no sɛ yɛ ne akuafoɔ ɛne ɔmo a ɔmo de nkate a ɛyɛ ɔmo adwuma ebia ɔmo a ɔmo tɔn ne ɔmo a ɔmo de ɛyɛ nnuane ahodoɔ ɛdi nsa wɔ soɔ ɛbisa yɛ creative variation bebree na y'aseleksi,gjGJKVT_FlY_005.wav
How do I choose the best groundnut variety if I want to sell to traders who make groundnut paste or oil?,"Different buyers look for different qualities. Varieties rich in oil are best for processors, while high-yield, sweet varieties are preferred for roasted snacks. Extension officers and plant breeders work with processors to recommend specific varieties that meet these exact market demands.",Variety Selection and Market Needs,"I am a plant breeder, and whenever we do this work, we collaborate with farmers and those who work with groundnuts, perhaps those who sell them and those who use them to make various food products; it requires us to have many creative variations, and we make a selection.",tete wo tia meyɛ plan breeder na ɛberɛ biara no yɛ adwuma no deɛ yɛyɛ no sɛ yɛ ne akuafoɔ ɛne ɔmo a ɔmo de nkate a ɛyɛ ɔmo adwuma ebia ɔmo a ɔmo tɔn ne ɔmo a ɔmo de ɛyɛ nnuane ahodoɔ ɛdi nsa wɔ soɔ ɛbisa yɛ creative variation bebree na y'aseleksi,gjGJKVT_FlY_005.wav
Why should I buy newly developed groundnut seeds instead of planting the seeds I saved from last year's harvest?,"Saved seeds can lose their purity and vigor over time, leading to lower yields and disease susceptibility. Newly developed seeds are carefully selected by plant breeders to offer higher yields, better disease resistance, and improved market quality.",Variety Selection and Market Needs,"I am a plant breeder, and whenever we do this work, we collaborate with farmers and those who work with groundnuts, perhaps those who sell them and those who use them to make various food products; it requires us to have many creative variations, and we make a selection.",tete wo tia meyɛ plan breeder na ɛberɛ biara no yɛ adwuma no deɛ yɛyɛ no sɛ yɛ ne akuafoɔ ɛne ɔmo a ɔmo de nkate a ɛyɛ ɔmo adwuma ebia ɔmo a ɔmo tɔn ne ɔmo a ɔmo de ɛyɛ nnuane ahodoɔ ɛdi nsa wɔ soɔ ɛbisa yɛ creative variation bebree na y'aseleksi,gjGJKVT_FlY_005.wav
Why do market traders offer lower prices for certain types of groundnuts even when they are fresh?,"Traders favor seed varieties that match consumer preferences, such as uniform size, easy shelling, or specific seed coat colors. Growing seed varieties developed in consultation with market sellers helps ensure your harvest meets market demands and gets a better price.",Variety Selection and Market Needs,"I am a plant breeder, and whenever we do this work, we collaborate with farmers and those who work with groundnuts, perhaps those who sell them and those who use them to make various food products; it requires us to have many creative variations, and we make a selection.",tete wo tia meyɛ plan breeder na ɛberɛ biara no yɛ adwuma no deɛ yɛyɛ no sɛ yɛ ne akuafoɔ ɛne ɔmo a ɔmo de nkate a ɛyɛ ɔmo adwuma ebia ɔmo a ɔmo tɔn ne ɔmo a ɔmo de ɛyɛ nnuane ahodoɔ ɛdi nsa wɔ soɔ ɛbisa yɛ creative variation bebree na y'aseleksi,gjGJKVT_FlY_005.wav
Why do my groundnut plants have plenty of green leaves above ground but very few pods under the soil?,Excessive leafy growth often happens when there is too much nitrogen in the soil or a lack of calcium. Groundnut plants need balanced nutrients so they can shift their energy from leaf growth to forming strong pegs that grow into the soil to yield healthy pods.,Crop Growth and Behavior,"I am a plant breeder, and whenever we do this work, we collaborate with farmers and those who work with groundnuts, perhaps those who sell them and those who use them to make various food products; it requires us to have many creative variations, and we make a selection.",tete wo tia meyɛ plan breeder na ɛberɛ biara no yɛ adwuma no deɛ yɛyɛ no sɛ yɛ ne akuafoɔ ɛne ɔmo a ɔmo de nkate a ɛyɛ ɔmo adwuma ebia ɔmo a ɔmo tɔn ne ɔmo a ɔmo de ɛyɛ nnuane ahodoɔ ɛdi nsa wɔ soɔ ɛbisa yɛ creative variation bebree na y'aseleksi,gjGJKVT_FlY_005.wav
Why do groundnut pods form underground instead of growing on the branches like beans or maize?,"After groundnut flowers are pollinated above ground, the plant produces a growing stem called a peg. This peg grows downwards into the soil, where it develops into a pod underground to protect the seeds from heat, birds, and pests.",Crop Growth and Behavior,"I am a plant breeder, and whenever we do this work, we collaborate with farmers and those who work with groundnuts, perhaps those who sell them and those who use them to make various food products; it requires us to have many creative variations, and we make a selection.",tete wo tia meyɛ plan breeder na ɛberɛ biara no yɛ adwuma no deɛ yɛyɛ no sɛ yɛ ne akuafoɔ ɛne ɔmo a ɔmo de nkate a ɛyɛ ɔmo adwuma ebia ɔmo a ɔmo tɔn ne ɔmo a ɔmo de ɛyɛ nnuane ahodoɔ ɛdi nsa wɔ soɔ ɛbisa yɛ creative variation bebree na y'aseleksi,gjGJKVT_FlY_005.wav
"Why do some groundnut varieties survive when dry weather hits, while others dry up and die quickly?","Different varieties possess different natural traits. Plant breeders select drought-tolerant varieties that develop deeper roots or conserve water better, allowing them to withstand dry spells far better than standard varieties.",Crop Growth and Behavior,"I am a plant breeder, and whenever we do this work, we collaborate with farmers and those who work with groundnuts, perhaps those who sell them and those who use them to make various food products; it requires us to have many creative variations, and we make a selection.",tete wo tia meyɛ plan breeder na ɛberɛ biara no yɛ adwuma no deɛ yɛyɛ no sɛ yɛ ne akuafoɔ ɛne ɔmo a ɔmo de nkate a ɛyɛ ɔmo adwuma ebia ɔmo a ɔmo tɔn ne ɔmo a ɔmo de ɛyɛ nnuane ahodoɔ ɛdi nsa wɔ soɔ ɛbisa yɛ creative variation bebree na y'aseleksi,gjGJKVT_FlY_005.wav
Why do crop researchers come to our villages to ask farmers to test new seeds on our fields?,"Breeding successful crops requires creative variations, but only farmers know the practical conditions of their local soil and climate. Researchers collaborate with farmers to see which experimental seeds perform best under real field conditions before releasing them widely.",Plant Breeding and Testing,"I am a plant breeder, and whenever we do this work, we collaborate with farmers and those who work with groundnuts, perhaps those who sell them and those who use them to make various food products; it requires us to have many creative variations, and we make a selection.",tete wo tia meyɛ plan breeder na ɛberɛ biara no yɛ adwuma no deɛ yɛyɛ no sɛ yɛ ne akuafoɔ ɛne ɔmo a ɔmo de nkate a ɛyɛ ɔmo adwuma ebia ɔmo a ɔmo tɔn ne ɔmo a ɔmo de ɛyɛ nnuane ahodoɔ ɛdi nsa wɔ soɔ ɛbisa yɛ creative variation bebree na y'aseleksi,gjGJKVT_FlY_005.wav
Why do some groundnut varieties rot easily in storage while others stay good for months?,Post-harvest durability depends on genetic traits such as shell thickness and natural resistance to mold. Breeders select varieties with tougher shells and lower moisture retention to reduce spoilage after harvest.,Harvesting and Post-Harvest Quality,"I am a plant breeder, and whenever we do this work, we collaborate with farmers and those who work with groundnuts, perhaps those who sell them and those who use them to make various food products; it requires us to have many creative variations, and we make a selection.",tete wo tia meyɛ plan breeder na ɛberɛ biara no yɛ adwuma no deɛ yɛyɛ no sɛ yɛ ne akuafoɔ ɛne ɔmo a ɔmo de nkate a ɛyɛ ɔmo adwuma ebia ɔmo a ɔmo tɔn ne ɔmo a ɔmo de ɛyɛ nnuane ahodoɔ ɛdi nsa wɔ soɔ ɛbisa yɛ creative variation bebree na y'aseleksi,gjGJKVT_FlY_005.wav
How can I tell if a groundnut variety matures quickly so I can harvest before the rains stop?,"Varieties are developed with specific maturity periods, usually ranging from 90 days for early-maturing types to 120 days for late-maturing ones. Checking seed descriptions or asking an extension officer helps you match the variety to your area's rainy season length.",Harvesting and Post-Harvest Quality,"I am a plant breeder, and whenever we do this work, we collaborate with farmers and those who work with groundnuts, perhaps those who sell them and those who use them to make various food products; it requires us to have many creative variations, and we make a selection.",tete wo tia meyɛ plan breeder na ɛberɛ biara no yɛ adwuma no deɛ yɛyɛ no sɛ yɛ ne akuafoɔ ɛne ɔmo a ɔmo de nkate a ɛyɛ ɔmo adwuma ebia ɔmo a ɔmo tɔn ne ɔmo a ɔmo de ɛyɛ nnuane ahodoɔ ɛdi nsa wɔ soɔ ɛbisa yɛ creative variation bebree na y'aseleksi,gjGJKVT_FlY_005.wav
Why are the lower leaves of my maize turning yellow while the top leaves are still green?,"Yellowing lower leaves on maize usually means the crop is short on nitrogen, an important plant food. When nitrogen runs low in the soil, the plant moves what little it has left to the newer upper leaves to survive.",Soil and Crop Nutrition,"To those who are responsible, thank you for joining us on short notice. I wish you a happy New Year and declare this meeting open.",who are responsibility no by joining us short notice mema mo afihwa pa declare this meeting open,8jU1u1_j4CA_006.wav
"Why does my cassava produce huge, bushy leaves but very small tubers underground?","When soil has too much nitrogen or is overly rich in animal manure, the cassava plant spends all its energy growing leaves and stems on top instead of sending food down to build fat roots.",Soil and Crop Nutrition,"To those who are responsible, thank you for joining us on short notice. I wish you a happy New Year and declare this meeting open.",who are responsibility no by joining us short notice mema mo afihwa pa declare this meeting open,8jU1u1_j4CA_006.wav
Why do my groundnut plants push their flowers into the dirt after they bloom?,"Groundnuts naturally produce their pods underground. After the yellow flower on top is pollinated, the plant grows a small stem called a peg that burrows into the soil where the actual peanut grows.",Crop Behavior and Life Cycle,"To those who are responsible, thank you for joining us on short notice. I wish you a happy New Year and declare this meeting open.",who are responsibility no by joining us short notice mema mo afihwa pa declare this meeting open,8jU1u1_j4CA_006.wav
Why do the flowers on my tomato plants fall off without turning into tomatoes?,Tomato flowers often drop off when the heat becomes too intense or when the plant experiences sudden dry spells. The plant drops its flowers to save water and energy when stressed.,Crop Behavior and Life Cycle,"To those who are responsible, thank you for joining us on short notice. I wish you a happy New Year and declare this meeting open.",who are responsibility no by joining us short notice mema mo afihwa pa declare this meeting open,8jU1u1_j4CA_006.wav
Why are the leaves on my pepper plants curling up and looking crinkled?,"Curled leaves on pepper plants are usually caused by tiny insects like thrips or aphids sucking the sap from under the leaf, or from a virus spread by those pests.",Crop Behavior and Life Cycle,"To those who are responsible, thank you for joining us on short notice. I wish you a happy New Year and declare this meeting open.",who are responsibility no by joining us short notice mema mo afihwa pa declare this meeting open,8jU1u1_j4CA_006.wav
Why do my cocoa trees drop most of their small leaves during the dry hamattan season?,Cocoa trees drop leaves during dry weather as a survival tactic to reduce the amount of water escaping from the tree when the soil has very little moisture.,Crop Behavior and Life Cycle,"To those who are responsible, thank you for joining us on short notice. I wish you a happy New Year and declare this meeting open.",who are responsibility no by joining us short notice mema mo afihwa pa declare this meeting open,8jU1u1_j4CA_006.wav
Why do I need to plant plantain trees alongside my young cocoa seedlings?,Young cocoa plants burn easily under intense sunlight. Plantains grow fast and have large leaves that provide the necessary shade and keep the soil moist for young cocoa plants to survive.,Field Management and Planting,"To those who are responsible, thank you for joining us on short notice. I wish you a happy New Year and declare this meeting open.",who are responsibility no by joining us short notice mema mo afihwa pa declare this meeting open,8jU1u1_j4CA_006.wav
Why do I need to put wooden sticks for my yam vines to climb on?,"Yam vines need to climb high so their leaves can capture maximum sunlight, which allows the plant to make enough food to send down to build larger tubers.",Field Management and Planting,"To those who are responsible, thank you for joining us on short notice. I wish you a happy New Year and declare this meeting open.",who are responsibility no by joining us short notice mema mo afihwa pa declare this meeting open,8jU1u1_j4CA_006.wav
Why do my maize cobs stay small when I plant seeds close together in the same hole?,"Planted too closely, maize roots fight each other for limited soil nutrients and water, which leaves every plant weak and results in small cobs.",Field Management and Planting,"To those who are responsible, thank you for joining us on short notice. I wish you a happy New Year and declare this meeting open.",who are responsibility no by joining us short notice mema mo afihwa pa declare this meeting open,8jU1u1_j4CA_006.wav
Why should I prune away some of the young suckers growing around my main plantain stem?,"Allowing too many suckers to grow forces the mother plantain to share its food and water. Removing extra shoots ensures the main plant gets full energy to produce a large, heavy bunch.",Field Management and Planting,"To those who are responsible, thank you for joining us on short notice. I wish you a happy New Year and declare this meeting open.",who are responsibility no by joining us short notice mema mo afihwa pa declare this meeting open,8jU1u1_j4CA_006.wav
Why are the lower leaves of my maize plants turning yellow while the top leaves stay green?,"Yellowing of lower maize leaves usually signals a lack of nitrogen in the soil. Nitrogen helps plants make food; when it runs short, the plant moves what little it has to newer leaves at the top, leaving the old bottom leaves starving.",Nutrient & Soil Management,"UTV viewers, this is where we bring our work to an end for today.",utv ahwɛfoɔ ɛnɛ aha na yɛde a yɛkɔ adwumadie no yɛsi na mmom ɛba ɛpo kɔ,IgXzpxIFx9c_075.wav
Why do my crop leaves dry up and burn when I place fertilizer directly at the base of the stem?,"Placing concentrated fertilizer directly against the stem draws moisture out of the roots, causing chemical burn. Fertilizer should be placed in a small ring a few centimeters away from the stem so the roots absorb it safely.",Nutrient & Soil Management,"UTV viewers, this is where we bring our work to an end for today.",utv ahwɛfoɔ ɛnɛ aha na yɛde a yɛkɔ adwumadie no yɛsi na mmom ɛba ɛpo kɔ,IgXzpxIFx9c_075.wav
Why do people recommend planting groundnuts or beans on the same land where I grow maize?,"Groundnuts and beans belong to the legume family, which traps nitrogen gas from the air and stores it in the soil through their roots. This naturally enriches the soil with nutrients for heavy-feeding crops like maize.",Nutrient & Soil Management,"UTV viewers, this is where we bring our work to an end for today.",utv ahwɛfoɔ ɛnɛ aha na yɛde a yɛkɔ adwumadie no yɛsi na mmom ɛba ɛpo kɔ,IgXzpxIFx9c_075.wav
Why should I cut away some of the young suckers growing around my main plantain tree?,"Too many suckers compete with the main plantain tree for soil nutrients, light, and water. Removing extra suckers leaves only one or two strong stems, which results in much larger plantain bunches.",Crop Growth & Pruning,"UTV viewers, this is where we bring our work to an end for today.",utv ahwɛfoɔ ɛnɛ aha na yɛde a yɛkɔ adwumadie no yɛsi na mmom ɛba ɛpo kɔ,IgXzpxIFx9c_075.wav
Why do I need to put tall sticks next to my yam mounds for the vines to climb?,Yam vines need to climb high so their leaves can spread out and catch direct sunlight. Good sunlight exposure helps the leaves manufacture the energy needed to grow large tubers underground.,Crop Growth & Pruning,"UTV viewers, this is where we bring our work to an end for today.",utv ahwɛfoɔ ɛnɛ aha na yɛde a yɛkɔ adwumadie no yɛsi na mmom ɛba ɛpo kɔ,IgXzpxIFx9c_075.wav
Why are the leaves on my pepper plants curling upwards and looking twisted?,"Leaf curling in peppers is usually caused by tiny sucking insects like aphids or mites, or a virus spread by these insects. They feed on leaf sap, causing young leaves to deform and twist as they expand.",Pests & Disease Signs,"UTV viewers, this is where we bring our work to an end for today.",utv ahwɛfoɔ ɛnɛ aha na yɛde a yɛkɔ adwumadie no yɛsi na mmom ɛba ɛpo kɔ,IgXzpxIFx9c_075.wav
Why are my young cocoa leaves turning brown and drying up during the hot season?,"Young cocoa trees are very sensitive to direct sunlight and high heat, which scorch their tender leaves. Providing shade from shade trees or shade plants like plantains protects them until they mature.",Pests & Disease Signs,"UTV viewers, this is where we bring our work to an end for today.",utv ahwɛfoɔ ɛnɛ aha na yɛde a yɛkɔ adwumadie no yɛsi na mmom ɛba ɛpo kɔ,IgXzpxIFx9c_075.wav
Why do my tomato flowers fall off without producing any tomatoes?,"Tomato plants drop flowers when temperatures get too high or when water availability changes suddenly. Heat stress disrupts pollination, causing the plant to shed unpollinated flowers to conserve energy.",Flower & Fruit Development,"UTV viewers, this is where we bring our work to an end for today.",utv ahwɛfoɔ ɛnɛ aha na yɛde a yɛkɔ adwumadie no yɛsi na mmom ɛba ɛpo kɔ,IgXzpxIFx9c_075.wav
Why is it risky for me to sow my maize seeds immediately after the very first rain of the year?,"The first rain of the year is often followed by a long dry spell before the main rainy season settles. Sowing early causes seeds to germinate, only to dry up and die when the moisture quickly disappears.",Field Preparation & Weather Reaction,"UTV viewers, this is where we bring our work to an end for today.",utv ahwɛfoɔ ɛnɛ aha na yɛde a yɛkɔ adwumadie no yɛsi na mmom ɛba ɛpo kɔ,IgXzpxIFx9c_075.wav
Why do my cassava roots rot under the ground when heavy rains flood my farm?,"Cassava roots need air in the soil to breathe and stay healthy. When water sits on the field without draining, roots suffocate and become vulnerable to fungal rots that destroy the crop.",Field Preparation & Weather Reaction,"UTV viewers, this is where we bring our work to an end for today.",utv ahwɛfoɔ ɛnɛ aha na yɛde a yɛkɔ adwumadie no yɛsi na mmom ɛba ɛpo kɔ,IgXzpxIFx9c_075.wav
How do I know which direction is the top when I am planting cassava stems in the ground?,Look at the small buds or nodes along the cassava stem where the old leaves used to grow. These buds should always point upwards toward the sky so the plant can sprout leaves easily out of the soil.,Planting Techniques & Spacing,"And now I want my inheritance. I don't know my father, okay? My father is in the Asante region, indeed. So when there was a death there, they said that in the country where I was born, they took me to the city. I went to live there and life was not going well; my family and I were struggling, and then I returned as an Asante. Now how old are you, because...",yi na afei na mepɛ agyapadeɛ mennim me papa okay me papa na ɔwɔ asante region kɔkɔɔ okay enti owu wɔ hɔ no ɛna ɔmo sɛ adeɛ a costri mu yɛwoo me hɔ na yɛde me kɔɔ siri mu mekɔtena hɔ ara na brɛboɔ no nkɔ yie me ne me mmɔre no yɛ brɛ ɛna mesan ba asanteni afei na wanya mfeɛ sɛn because deɛ,TQQ8_jJ3xz4_044.wav
Why do my crops grow tall and thin with very tiny food when I plant them too close together?,"Crops need light, water, and food from the soil to grow strong. When planted too close, they fight each other for sunlight, stretching tall and weak while starving for nutrients.",Planting Techniques & Spacing,"And now I want my inheritance. I don't know my father, okay? My father is in the Asante region, indeed. So when there was a death there, they said that in the country where I was born, they took me to the city. I went to live there and life was not going well; my family and I were struggling, and then I returned as an Asante. Now how old are you, because...",yi na afei na mepɛ agyapadeɛ mennim me papa okay me papa na ɔwɔ asante region kɔkɔɔ okay enti owu wɔ hɔ no ɛna ɔmo sɛ adeɛ a costri mu yɛwoo me hɔ na yɛde me kɔɔ siri mu mekɔtena hɔ ara na brɛboɔ no nkɔ yie me ne me mmɔre no yɛ brɛ ɛna mesan ba asanteni afei na wanya mfeɛ sɛn because deɛ,TQQ8_jJ3xz4_044.wav
Why do farmers build high mounds of earth before planting yam tubers?,"Yam tubers need loose, soft soil to expand and grow big underneath the ground. Mounds keep the soil loose and prevent excess water from standing around the roots, which would cause the yam to rot.",Planting Techniques & Spacing,"And now I want my inheritance. I don't know my father, okay? My father is in the Asante region, indeed. So when there was a death there, they said that in the country where I was born, they took me to the city. I went to live there and life was not going well; my family and I were struggling, and then I returned as an Asante. Now how old are you, because...",yi na afei na mepɛ agyapadeɛ mennim me papa okay me papa na ɔwɔ asante region kɔkɔɔ okay enti owu wɔ hɔ no ɛna ɔmo sɛ adeɛ a costri mu yɛwoo me hɔ na yɛde me kɔɔ siri mu mekɔtena hɔ ara na brɛboɔ no nkɔ yie me ne me mmɔre no yɛ brɛ ɛna mesan ba asanteni afei na wanya mfeɛ sɛn because deɛ,TQQ8_jJ3xz4_044.wav
Why does my land produce less harvest if I plant maize on the exact same spot every single year?,Maize feeds heavily on specific soil nutrients every season. Planting the same crop continuously drains those nutrients completely. Rotating maize with crops like beans or groundnuts helps put natural food back into the soil.,Soil & Nutrient Management,"And now I want my inheritance. I don't know my father, okay? My father is in the Asante region, indeed. So when there was a death there, they said that in the country where I was born, they took me to the city. I went to live there and life was not going well; my family and I were struggling, and then I returned as an Asante. Now how old are you, because...",yi na afei na mepɛ agyapadeɛ mennim me papa okay me papa na ɔwɔ asante region kɔkɔɔ okay enti owu wɔ hɔ no ɛna ɔmo sɛ adeɛ a costri mu yɛwoo me hɔ na yɛde me kɔɔ siri mu mekɔtena hɔ ara na brɛboɔ no nkɔ yie me ne me mmɔre no yɛ brɛ ɛna mesan ba asanteni afei na wanya mfeɛ sɛn because deɛ,TQQ8_jJ3xz4_044.wav
Why do my crop leaves burn and dry up when I put fertilizer directly touching the stems?,"Chemical fertilizer contains concentrated salts. Placing it directly against the stem burns the plant tissue and sucks water away from the roots, so it should always be buried a few inches away from the stem.",Soil & Nutrient Management,"And now I want my inheritance. I don't know my father, okay? My father is in the Asante region, indeed. So when there was a death there, they said that in the country where I was born, they took me to the city. I went to live there and life was not going well; my family and I were struggling, and then I returned as an Asante. Now how old are you, because...",yi na afei na mepɛ agyapadeɛ mennim me papa okay me papa na ɔwɔ asante region kɔkɔɔ okay enti owu wɔ hɔ no ɛna ɔmo sɛ adeɛ a costri mu yɛwoo me hɔ na yɛde me kɔɔ siri mu mekɔtena hɔ ara na brɛboɔ no nkɔ yie me ne me mmɔre no yɛ brɛ ɛna mesan ba asanteni afei na wanya mfeɛ sɛn because deɛ,TQQ8_jJ3xz4_044.wav
Why do my cocoa pods turn black and rot during the heavy rain season?,Heavy rain creates high humidity that allows a fungus called Black Pod disease to grow and spread fast. Clearing farm weeds and pruning excess tree branches allows sunlight in to dry the pods and protect them.,Pests & Crop Health,"And now I want my inheritance. I don't know my father, okay? My father is in the Asante region, indeed. So when there was a death there, they said that in the country where I was born, they took me to the city. I went to live there and life was not going well; my family and I were struggling, and then I returned as an Asante. Now how old are you, because...",yi na afei na mepɛ agyapadeɛ mennim me papa okay me papa na ɔwɔ asante region kɔkɔɔ okay enti owu wɔ hɔ no ɛna ɔmo sɛ adeɛ a costri mu yɛwoo me hɔ na yɛde me kɔɔ siri mu mekɔtena hɔ ara na brɛboɔ no nkɔ yie me ne me mmɔre no yɛ brɛ ɛna mesan ba asanteni afei na wanya mfeɛ sɛn because deɛ,TQQ8_jJ3xz4_044.wav
